WARNING: Image format was not specified for 'ntfs.img' and probing guessed raw.
         Automatically detecting the format is dangerous for raw images, write operations on block 0 will be restricted.
         Specify the 'raw' format explicitly to remove the restrictions.
WARNING: Image format was not specified for 'disk.img' and probing guessed raw.
         Automatically detecting the format is dangerous for raw images, write operations on block 0 will be restricted.
         Specify the 'raw' format explicitly to remove the restrictions.
MicroKernel v0.7.0 booting...
Boot complete. Microkernel architecture active.
  Kernel (ring 0): scheduler, IPC, VMM
  Servers (ring 3): console, VFS, ATA, network
[sh] gui
MAP_PAGE: v=0x20000000 p=0xFD000000 f=0x00000003
  PTE written: 0xFD000003
MAP_PAGE: v=0x20001000 p=0xFD001000 f=0x00000003
  PTE written: 0xFD001003
MAP_PAGE: v=0x20002000 p=0xFD002000 f=0x00000003
  PTE written: 0xFD002003
MAP_PAGE: v=0x20003000 p=0xFD003000 f=0x00000003
  PTE written: 0xFD003003
MAP_PAGE: v=0x20004000 p=0xFD004000 f=0x00000003
  PTE written: 0xFD004003
MAP_PAGE: v=0x20005000 p=0xFD005000 f=0x00000003
  PTE written: 0xFD005003
MAP_PAGE: v=0x20006000 p=0xFD006000 f=0x00000003
  PTE written: 0xFD006003
MAP_PAGE: v=0x20007000 p=0xFD007000 f=0x00000003
  PTE written: 0xFD007003
MAP_PAGE: v=0x20008000 p=0xFD008000 f=0x00000003
  PTE written: 0xFD008003
MAP_PAGE: v=0x20009000 p=0xFD009000 f=0x00000003
  PTE written: 0xFD009003
MAP_PAGE: v=0x2000A000 p=0xFD00A000 f=0x00000003
  PTE written: 0xFD00A003
MAP_PAGE: v=0x2000B000 p=0xFD00B000 f=0x00000003
  PTE written: 0xFD00B003
MAP_PAGE: v=0x2000C000 p=0xFD00C000 f=0x00000003
  PTE written: 0xFD00C003
MAP_PAGE: v=0x2000D000 p=0xFD00D000 f=0x00000003
  PTE written: 0xFD00D003
MAP_PAGE: v=0x2000E000 p=0xFD00E000 f=0x00000003
  PTE written: 0xFD00E003
MAP_PAGE: v=0x2000F000 p=0xFD00F000 f=0x00000003
  PTE written: 0xFD00F003
MAP_PAGE: v=0x20010000 p=0xFD010000 f=0x00000003
  PTE written: 0xFD010003
MAP_PAGE: v=0x20011000 p=0xFD011000 f=0x00000003
  PTE written: 0xFD011003
MAP_PAGE: v=0x20012000 p=0xFD012000 f=0x00000003
  PTE written: 0xFD012003
MAP_PAGE: v=0x20013000 p=0xFD013000 f=0x00000003
  PTE written: 0xFD013003
MAP_PAGE: v=0x20014000 p=0xFD014000 f=0x00000003
  PTE written: 0xFD014003
MAP_PAGE: v=0x20015000 p=0xFD015000 f=0x00000003
  PTE written: 0xFD015003
MAP_PAGE: v=0x20016000 p=0xFD016000 f=0x00000003
  PTE written: 0xFD016003
MAP_PAGE: v=0x20017000 p=0xFD017000 f=0x00000003
  PTE written: 0xFD017003
MAP_PAGE: v=0x20018000 p=0xFD018000 f=0x00000003
  PTE written: 0xFD018003
MAP_PAGE: v=0x20019000 p=0xFD019000 f=0x00000003
  PTE written: 0xFD019003
MAP_PAGE: v=0x2001A000 p=0xFD01A000 f=0x00000003
  PTE written: 0xFD01A003
MAP_PAGE: v=0x2001B000 p=0xFD01B000 f=0x00000003
  PTE written: 0xFD01B003
MAP_PAGE: v=0x2001C000 p=0xFD01C000 f=0x00000003
  PTE written: 0xFD01C003
MAP_PAGE: v=0x2001D000 p=0xFD01D000 f=0x00000003
  PTE written: 0xFD01D003
MAP_PAGE: v=0x2001E000 p=0xFD01E000 f=0x00000003
  PTE written: 0xFD01E003
MAP_PAGE: v=0x2001F000 p=0xFD01F000 f=0x00000003
  PTE written: 0xFD01F003
MAP_PAGE: v=0x20020000 p=0xFD020000 f=0x00000003
  PTE written: 0xFD020003
MAP_PAGE: v=0x20021000 p=0xFD021000 f=0x00000003
  PTE written: 0xFD021003
MAP_PAGE: v=0x20022000 p=0xFD022000 f=0x00000003
  PTE written: 0xFD022003
MAP_PAGE: v=0x20023000 p=0xFD023000 f=0x00000003
  PTE written: 0xFD023003
MAP_PAGE: v=0x20024000 p=0xFD024000 f=0x00000003
  PTE written: 0xFD024003
MAP_PAGE: v=0x20025000 p=0xFD025000 f=0x00000003
  PTE written: 0xFD025003
MAP_PAGE: v=0x20026000 p=0xFD026000 f=0x00000003
  PTE written: 0xFD026003
MAP_PAGE: v=0x20027000 p=0xFD027000 f=0x00000003
  PTE written: 0xFD027003
MAP_PAGE: v=0x20028000 p=0xFD028000 f=0x00000003
  PTE written: 0xFD028003
MAP_PAGE: v=0x20029000 p=0xFD029000 f=0x00000003
  PTE written: 0xFD029003
MAP_PAGE: v=0x2002A000 p=0xFD02A000 f=0x00000003
  PTE written: 0xFD02A003
MAP_PAGE: v=0x2002B000 p=0xFD02B000 f=0x00000003
  PTE written: 0xFD02B003
MAP_PAGE: v=0x2002C000 p=0xFD02C000 f=0x00000003
  PTE written: 0xFD02C003
MAP_PAGE: v=0x2002D000 p=0xFD02D000 f=0x00000003
  PTE written: 0xFD02D003
MAP_PAGE: v=0x2002E000 p=0xFD02E000 f=0x00000003
  PTE written: 0xFD02E003
MAP_PAGE: v=0x2002F000 p=0xFD02F000 f=0x00000003
  PTE written: 0xFD02F003
MAP_PAGE: v=0x20030000 p=0xFD030000 f=0x00000003
  PTE written: 0xFD030003
MAP_PAGE: v=0x20031000 p=0xFD031000 f=0x00000003
  PTE written: 0xFD031003
MAP_PAGE: v=0x20032000 p=0xFD032000 f=0x00000003
  PTE written: 0xFD032003
MAP_PAGE: v=0x20033000 p=0xFD033000 f=0x00000003
  PTE written: 0xFD033003
MAP_PAGE: v=0x20034000 p=0xFD034000 f=0x00000003
  PTE written: 0xFD034003
MAP_PAGE: v=0x20035000 p=0xFD035000 f=0x00000003
  PTE written: 0xFD035003
MAP_PAGE: v=0x20036000 p=0xFD036000 f=0x00000003
  PTE written: 0xFD036003
MAP_PAGE: v=0x20037000 p=0xFD037000 f=0x00000003
  PTE written: 0xFD037003
MAP_PAGE: v=0x20038000 p=0xFD038000 f=0x00000003
  PTE written: 0xFD038003
MAP_PAGE: v=0x20039000 p=0xFD039000 f=0x00000003
  PTE written: 0xFD039003
MAP_PAGE: v=0x2003A000 p=0xFD03A000 f=0x00000003
  PTE written: 0xFD03A003
MAP_PAGE: v=0x2003B000 p=0xFD03B000 f=0x00000003
  PTE written: 0xFD03B003
MAP_PAGE: v=0x2003C000 p=0xFD03C000 f=0x00000003
  PTE written: 0xFD03C003
MAP_PAGE: v=0x2003D000 p=0xFD03D000 f=0x00000003
  PTE written: 0xFD03D003
MAP_PAGE: v=0x2003E000 p=0xFD03E000 f=0x00000003
  PTE written: 0xFD03E003
MAP_PAGE: v=0x2003F000 p=0xFD03F000 f=0x00000003
  PTE written: 0xFD03F003
MAP_PAGE: v=0x20040000 p=0xFD040000 f=0x00000003
  PTE written: 0xFD040003
MAP_PAGE: v=0x20041000 p=0xFD041000 f=0x00000003
  PTE written: 0xFD041003
MAP_PAGE: v=0x20042000 p=0xFD042000 f=0x00000003
  PTE written: 0xFD042003
MAP_PAGE: v=0x20043000 p=0xFD043000 f=0x00000003
  PTE written: 0xFD043003
MAP_PAGE: v=0x20044000 p=0xFD044000 f=0x00000003
  PTE written: 0xFD044003
MAP_PAGE: v=0x20045000 p=0xFD045000 f=0x00000003
  PTE written: 0xFD045003
MAP_PAGE: v=0x20046000 p=0xFD046000 f=0x00000003
  PTE written: 0xFD046003
MAP_PAGE: v=0x20047000 p=0xFD047000 f=0x00000003
  PTE written: 0xFD047003
MAP_PAGE: v=0x20048000 p=0xFD048000 f=0x00000003
  PTE written: 0xFD048003
MAP_PAGE: v=0x20049000 p=0xFD049000 f=0x00000003
  PTE written: 0xFD049003
MAP_PAGE: v=0x2004A000 p=0xFD04A000 f=0x00000003
  PTE written: 0xFD04A003
MAP_PAGE: v=0x2004B000 p=0xFD04B000 f=0x00000003
  PTE written: 0xFD04B003
MAP_PAGE: v=0x2004C000 p=0xFD04C000 f=0x00000003
  PTE written: 0xFD04C003
MAP_PAGE: v=0x2004D000 p=0xFD04D000 f=0x00000003
  PTE written: 0xFD04D003
MAP_PAGE: v=0x2004E000 p=0xFD04E000 f=0x00000003
  PTE written: 0xFD04E003
MAP_PAGE: v=0x2004F000 p=0xFD04F000 f=0x00000003
  PTE written: 0xFD04F003
MAP_PAGE: v=0x20050000 p=0xFD050000 f=0x00000003
  PTE written: 0xFD050003
MAP_PAGE: v=0x20051000 p=0xFD051000 f=0x00000003
  PTE written: 0xFD051003
MAP_PAGE: v=0x20052000 p=0xFD052000 f=0x00000003
  PTE written: 0xFD052003
MAP_PAGE: v=0x20053000 p=0xFD053000 f=0x00000003
  PTE written: 0xFD053003
MAP_PAGE: v=0x20054000 p=0xFD054000 f=0x00000003
  PTE written: 0xFD054003
MAP_PAGE: v=0x20055000 p=0xFD055000 f=0x00000003
  PTE written: 0xFD055003
MAP_PAGE: v=0x20056000 p=0xFD056000 f=0x00000003
  PTE written: 0xFD056003
MAP_PAGE: v=0x20057000 p=0xFD057000 f=0x00000003
  PTE written: 0xFD057003
MAP_PAGE: v=0x20058000 p=0xFD058000 f=0x00000003
  PTE written: 0xFD058003
MAP_PAGE: v=0x20059000 p=0xFD059000 f=0x00000003
  PTE written: 0xFD059003
MAP_PAGE: v=0x2005A000 p=0xFD05A000 f=0x00000003
  PTE written: 0xFD05A003
MAP_PAGE: v=0x2005B000 p=0xFD05B000 f=0x00000003
  PTE written: 0xFD05B003
MAP_PAGE: v=0x2005C000 p=0xFD05C000 f=0x00000003
  PTE written: 0xFD05C003
MAP_PAGE: v=0x2005D000 p=0xFD05D000 f=0x00000003
  PTE written: 0xFD05D003
MAP_PAGE: v=0x2005E000 p=0xFD05E000 f=0x00000003
  PTE written: 0xFD05E003
MAP_PAGE: v=0x2005F000 p=0xFD05F000 f=0x00000003
  PTE written: 0xFD05F003
MAP_PAGE: v=0x20060000 p=0xFD060000 f=0x00000003
  PTE written: 0xFD060003
MAP_PAGE: v=0x20061000 p=0xFD061000 f=0x00000003
  PTE written: 0xFD061003
MAP_PAGE: v=0x20062000 p=0xFD062000 f=0x00000003
  PTE written: 0xFD062003
MAP_PAGE: v=0x20063000 p=0xFD063000 f=0x00000003
  PTE written: 0xFD063003
MAP_PAGE: v=0x20064000 p=0xFD064000 f=0x00000003
  PTE written: 0xFD064003
MAP_PAGE: v=0x20065000 p=0xFD065000 f=0x00000003
  PTE written: 0xFD065003
MAP_PAGE: v=0x20066000 p=0xFD066000 f=0x00000003
  PTE written: 0xFD066003
MAP_PAGE: v=0x20067000 p=0xFD067000 f=0x00000003
  PTE written: 0xFD067003
MAP_PAGE: v=0x20068000 p=0xFD068000 f=0x00000003
  PTE written: 0xFD068003
MAP_PAGE: v=0x20069000 p=0xFD069000 f=0x00000003
  PTE written: 0xFD069003
MAP_PAGE: v=0x2006A000 p=0xFD06A000 f=0x00000003
  PTE written: 0xFD06A003
MAP_PAGE: v=0x2006B000 p=0xFD06B000 f=0x00000003
  PTE written: 0xFD06B003
MAP_PAGE: v=0x2006C000 p=0xFD06C000 f=0x00000003
  PTE written: 0xFD06C003
MAP_PAGE: v=0x2006D000 p=0xFD06D000 f=0x00000003
  PTE written: 0xFD06D003
MAP_PAGE: v=0x2006E000 p=0xFD06E000 f=0x00000003
  PTE written: 0xFD06E003
MAP_PAGE: v=0x2006F000 p=0xFD06F000 f=0x00000003
  PTE written: 0xFD06F003
MAP_PAGE: v=0x20070000 p=0xFD070000 f=0x00000003
  PTE written: 0xFD070003
MAP_PAGE: v=0x20071000 p=0xFD071000 f=0x00000003
  PTE written: 0xFD071003
MAP_PAGE: v=0x20072000 p=0xFD072000 f=0x00000003
  PTE written: 0xFD072003
MAP_PAGE: v=0x20073000 p=0xFD073000 f=0x00000003
  PTE written: 0xFD073003
MAP_PAGE: v=0x20074000 p=0xFD074000 f=0x00000003
  PTE written: 0xFD074003
MAP_PAGE: v=0x20075000 p=0xFD075000 f=0x00000003
  PTE written: 0xFD075003
MAP_PAGE: v=0x20076000 p=0xFD076000 f=0x00000003
  PTE written: 0xFD076003
MAP_PAGE: v=0x20077000 p=0xFD077000 f=0x00000003
  PTE written: 0xFD077003
MAP_PAGE: v=0x20078000 p=0xFD078000 f=0x00000003
  PTE written: 0xFD078003
MAP_PAGE: v=0x20079000 p=0xFD079000 f=0x00000003
  PTE written: 0xFD079003
MAP_PAGE: v=0x2007A000 p=0xFD07A000 f=0x00000003
  PTE written: 0xFD07A003
MAP_PAGE: v=0x2007B000 p=0xFD07B000 f=0x00000003
  PTE written: 0xFD07B003
MAP_PAGE: v=0x2007C000 p=0xFD07C000 f=0x00000003
  PTE written: 0xFD07C003
MAP_PAGE: v=0x2007D000 p=0xFD07D000 f=0x00000003
  PTE written: 0xFD07D003
MAP_PAGE: v=0x2007E000 p=0xFD07E000 f=0x00000003
  PTE written: 0xFD07E003
MAP_PAGE: v=0x2007F000 p=0xFD07F000 f=0x00000003
  PTE written: 0xFD07F003
MAP_PAGE: v=0x20080000 p=0xFD080000 f=0x00000003
  PTE written: 0xFD080003
MAP_PAGE: v=0x20081000 p=0xFD081000 f=0x00000003
  PTE written: 0xFD081003
MAP_PAGE: v=0x20082000 p=0xFD082000 f=0x00000003
  PTE written: 0xFD082003
MAP_PAGE: v=0x20083000 p=0xFD083000 f=0x00000003
  PTE written: 0xFD083003
MAP_PAGE: v=0x20084000 p=0xFD084000 f=0x00000003
  PTE written: 0xFD084003
MAP_PAGE: v=0x20085000 p=0xFD085000 f=0x00000003
  PTE written: 0xFD085003
MAP_PAGE: v=0x20086000 p=0xFD086000 f=0x00000003
  PTE written: 0xFD086003
MAP_PAGE: v=0x20087000 p=0xFD087000 f=0x00000003
  PTE written: 0xFD087003
MAP_PAGE: v=0x20088000 p=0xFD088000 f=0x00000003
  PTE written: 0xFD088003
MAP_PAGE: v=0x20089000 p=0xFD089000 f=0x00000003
  PTE written: 0xFD089003
MAP_PAGE: v=0x2008A000 p=0xFD08A000 f=0x00000003
  PTE written: 0xFD08A003
MAP_PAGE: v=0x2008B000 p=0xFD08B000 f=0x00000003
  PTE written: 0xFD08B003
MAP_PAGE: v=0x2008C000 p=0xFD08C000 f=0x00000003
  PTE written: 0xFD08C003
MAP_PAGE: v=0x2008D000 p=0xFD08D000 f=0x00000003
  PTE written: 0xFD08D003
MAP_PAGE: v=0x2008E000 p=0xFD08E000 f=0x00000003
  PTE written: 0xFD08E003
MAP_PAGE: v=0x2008F000 p=0xFD08F000 f=0x00000003
  PTE written: 0xFD08F003
MAP_PAGE: v=0x20090000 p=0xFD090000 f=0x00000003
  PTE written: 0xFD090003
MAP_PAGE: v=0x20091000 p=0xFD091000 f=0x00000003
  PTE written: 0xFD091003
MAP_PAGE: v=0x20092000 p=0xFD092000 f=0x00000003
  PTE written: 0xFD092003
MAP_PAGE: v=0x20093000 p=0xFD093000 f=0x00000003
  PTE written: 0xFD093003
MAP_PAGE: v=0x20094000 p=0xFD094000 f=0x00000003
  PTE written: 0xFD094003
MAP_PAGE: v=0x20095000 p=0xFD095000 f=0x00000003
  PTE written: 0xFD095003
MAP_PAGE: v=0x20096000 p=0xFD096000 f=0x00000003
  PTE written: 0xFD096003
MAP_PAGE: v=0x20097000 p=0xFD097000 f=0x00000003
  PTE written: 0xFD097003
MAP_PAGE: v=0x20098000 p=0xFD098000 f=0x00000003
  PTE written: 0xFD098003
MAP_PAGE: v=0x20099000 p=0xFD099000 f=0x00000003
  PTE written: 0xFD099003
MAP_PAGE: v=0x2009A000 p=0xFD09A000 f=0x00000003
  PTE written: 0xFD09A003
MAP_PAGE: v=0x2009B000 p=0xFD09B000 f=0x00000003
  PTE written: 0xFD09B003
MAP_PAGE: v=0x2009C000 p=0xFD09C000 f=0x00000003
  PTE written: 0xFD09C003
MAP_PAGE: v=0x2009D000 p=0xFD09D000 f=0x00000003
  PTE written: 0xFD09D003
MAP_PAGE: v=0x2009E000 p=0xFD09E000 f=0x00000003
  PTE written: 0xFD09E003
MAP_PAGE: v=0x2009F000 p=0xFD09F000 f=0x00000003
  PTE written: 0xFD09F003
MAP_PAGE: v=0x200A0000 p=0xFD0A0000 f=0x00000003
  PTE written: 0xFD0A0003
MAP_PAGE: v=0x200A1000 p=0xFD0A1000 f=0x00000003
  PTE written: 0xFD0A1003
MAP_PAGE: v=0x200A2000 p=0xFD0A2000 f=0x00000003
  PTE written: 0xFD0A2003
MAP_PAGE: v=0x200A3000 p=0xFD0A3000 f=0x00000003
  PTE written: 0xFD0A3003
MAP_PAGE: v=0x200A4000 p=0xFD0A4000 f=0x00000003
  PTE written: 0xFD0A4003
MAP_PAGE: v=0x200A5000 p=0xFD0A5000 f=0x00000003
  PTE written: 0xFD0A5003
MAP_PAGE: v=0x200A6000 p=0xFD0A6000 f=0x00000003
  PTE written: 0xFD0A6003
MAP_PAGE: v=0x200A7000 p=0xFD0A7000 f=0x00000003
  PTE written: 0xFD0A7003
MAP_PAGE: v=0x200A8000 p=0xFD0A8000 f=0x00000003
  PTE written: 0xFD0A8003
MAP_PAGE: v=0x200A9000 p=0xFD0A9000 f=0x00000003
  PTE written: 0xFD0A9003
MAP_PAGE: v=0x200AA000 p=0xFD0AA000 f=0x00000003
  PTE written: 0xFD0AA003
MAP_PAGE: v=0x200AB000 p=0xFD0AB000 f=0x00000003
  PTE written: 0xFD0AB003
MAP_PAGE: v=0x200AC000 p=0xFD0AC000 f=0x00000003
  PTE written: 0xFD0AC003
MAP_PAGE: v=0x200AD000 p=0xFD0AD000 f=0x00000003
  PTE written: 0xFD0AD003
MAP_PAGE: v=0x200AE000 p=0xFD0AE000 f=0x00000003
  PTE written: 0xFD0AE003
MAP_PAGE: v=0x200AF000 p=0xFD0AF000 f=0x00000003
  PTE written: 0xFD0AF003
MAP_PAGE: v=0x200B0000 p=0xFD0B0000 f=0x00000003
  PTE written: 0xFD0B0003
MAP_PAGE: v=0x200B1000 p=0xFD0B1000 f=0x00000003
  PTE written: 0xFD0B1003
MAP_PAGE: v=0x200B2000 p=0xFD0B2000 f=0x00000003
  PTE written: 0xFD0B2003
MAP_PAGE: v=0x200B3000 p=0xFD0B3000 f=0x00000003
  PTE written: 0xFD0B3003
MAP_PAGE: v=0x200B4000 p=0xFD0B4000 f=0x00000003
  PTE written: 0xFD0B4003
MAP_PAGE: v=0x200B5000 p=0xFD0B5000 f=0x00000003
  PTE written: 0xFD0B5003
MAP_PAGE: v=0x200B6000 p=0xFD0B6000 f=0x00000003
  PTE written: 0xFD0B6003
MAP_PAGE: v=0x200B7000 p=0xFD0B7000 f=0x00000003
  PTE written: 0xFD0B7003
MAP_PAGE: v=0x200B8000 p=0xFD0B8000 f=0x00000003
  PTE written: 0xFD0B8003
MAP_PAGE: v=0x200B9000 p=0xFD0B9000 f=0x00000003
  PTE written: 0xFD0B9003
MAP_PAGE: v=0x200BA000 p=0xFD0BA000 f=0x00000003
  PTE written: 0xFD0BA003
MAP_PAGE: v=0x200BB000 p=0xFD0BB000 f=0x00000003
  PTE written: 0xFD0BB003
MAP_PAGE: v=0x200BC000 p=0xFD0BC000 f=0x00000003
  PTE written: 0xFD0BC003
MAP_PAGE: v=0x200BD000 p=0xFD0BD000 f=0x00000003
  PTE written: 0xFD0BD003
MAP_PAGE: v=0x200BE000 p=0xFD0BE000 f=0x00000003
  PTE written: 0xFD0BE003
MAP_PAGE: v=0x200BF000 p=0xFD0BF000 f=0x00000003
  PTE written: 0xFD0BF003
MAP_PAGE: v=0x200C0000 p=0xFD0C0000 f=0x00000003
  PTE written: 0xFD0C0003
MAP_PAGE: v=0x200C1000 p=0xFD0C1000 f=0x00000003
  PTE written: 0xFD0C1003
MAP_PAGE: v=0x200C2000 p=0xFD0C2000 f=0x00000003
  PTE written: 0xFD0C2003
MAP_PAGE: v=0x200C3000 p=0xFD0C3000 f=0x00000003
  PTE written: 0xFD0C3003
MAP_PAGE: v=0x200C4000 p=0xFD0C4000 f=0x00000003
  PTE written: 0xFD0C4003
MAP_PAGE: v=0x200C5000 p=0xFD0C5000 f=0x00000003
  PTE written: 0xFD0C5003
MAP_PAGE: v=0x200C6000 p=0xFD0C6000 f=0x00000003
  PTE written: 0xFD0C6003
MAP_PAGE: v=0x200C7000 p=0xFD0C7000 f=0x00000003
  PTE written: 0xFD0C7003
MAP_PAGE: v=0x200C8000 p=0xFD0C8000 f=0x00000003
  PTE written: 0xFD0C8003
MAP_PAGE: v=0x200C9000 p=0xFD0C9000 f=0x00000003
  PTE written: 0xFD0C9003
MAP_PAGE: v=0x200CA000 p=0xFD0CA000 f=0x00000003
  PTE written: 0xFD0CA003
MAP_PAGE: v=0x200CB000 p=0xFD0CB000 f=0x00000003
  PTE written: 0xFD0CB003
MAP_PAGE: v=0x200CC000 p=0xFD0CC000 f=0x00000003
  PTE written: 0xFD0CC003
MAP_PAGE: v=0x200CD000 p=0xFD0CD000 f=0x00000003
  PTE written: 0xFD0CD003
MAP_PAGE: v=0x200CE000 p=0xFD0CE000 f=0x00000003
  PTE written: 0xFD0CE003
MAP_PAGE: v=0x200CF000 p=0xFD0CF000 f=0x00000003
  PTE written: 0xFD0CF003
MAP_PAGE: v=0x200D0000 p=0xFD0D0000 f=0x00000003
  PTE written: 0xFD0D0003
MAP_PAGE: v=0x200D1000 p=0xFD0D1000 f=0x00000003
  PTE written: 0xFD0D1003
MAP_PAGE: v=0x200D2000 p=0xFD0D2000 f=0x00000003
  PTE written: 0xFD0D2003
MAP_PAGE: v=0x200D3000 p=0xFD0D3000 f=0x00000003
  PTE written: 0xFD0D3003
MAP_PAGE: v=0x200D4000 p=0xFD0D4000 f=0x00000003
  PTE written: 0xFD0D4003
MAP_PAGE: v=0x200D5000 p=0xFD0D5000 f=0x00000003
  PTE written: 0xFD0D5003
MAP_PAGE: v=0x200D6000 p=0xFD0D6000 f=0x00000003
  PTE written: 0xFD0D6003
MAP_PAGE: v=0x200D7000 p=0xFD0D7000 f=0x00000003
  PTE written: 0xFD0D7003
MAP_PAGE: v=0x200D8000 p=0xFD0D8000 f=0x00000003
  PTE written: 0xFD0D8003
MAP_PAGE: v=0x200D9000 p=0xFD0D9000 f=0x00000003
  PTE written: 0xFD0D9003
MAP_PAGE: v=0x200DA000 p=0xFD0DA000 f=0x00000003
  PTE written: 0xFD0DA003
MAP_PAGE: v=0x200DB000 p=0xFD0DB000 f=0x00000003
  PTE written: 0xFD0DB003
MAP_PAGE: v=0x200DC000 p=0xFD0DC000 f=0x00000003
  PTE written: 0xFD0DC003
MAP_PAGE: v=0x200DD000 p=0xFD0DD000 f=0x00000003
  PTE written: 0xFD0DD003
MAP_PAGE: v=0x200DE000 p=0xFD0DE000 f=0x00000003
  PTE written: 0xFD0DE003
MAP_PAGE: v=0x200DF000 p=0xFD0DF000 f=0x00000003
  PTE written: 0xFD0DF003
MAP_PAGE: v=0x200E0000 p=0xFD0E0000 f=0x00000003
  PTE written: 0xFD0E0003
MAP_PAGE: v=0x200E1000 p=0xFD0E1000 f=0x00000003
  PTE written: 0xFD0E1003
MAP_PAGE: v=0x200E2000 p=0xFD0E2000 f=0x00000003
  PTE written: 0xFD0E2003
MAP_PAGE: v=0x200E3000 p=0xFD0E3000 f=0x00000003
  PTE written: 0xFD0E3003
MAP_PAGE: v=0x200E4000 p=0xFD0E4000 f=0x00000003
  PTE written: 0xFD0E4003
MAP_PAGE: v=0x200E5000 p=0xFD0E5000 f=0x00000003
  PTE written: 0xFD0E5003
MAP_PAGE: v=0x200E6000 p=0xFD0E6000 f=0x00000003
  PTE written: 0xFD0E6003
MAP_PAGE: v=0x200E7000 p=0xFD0E7000 f=0x00000003
  PTE written: 0xFD0E7003
MAP_PAGE: v=0x200E8000 p=0xFD0E8000 f=0x00000003
  PTE written: 0xFD0E8003
MAP_PAGE: v=0x200E9000 p=0xFD0E9000 f=0x00000003
  PTE written: 0xFD0E9003
MAP_PAGE: v=0x200EA000 p=0xFD0EA000 f=0x00000003
  PTE written: 0xFD0EA003
MAP_PAGE: v=0x200EB000 p=0xFD0EB000 f=0x00000003
  PTE written: 0xFD0EB003
MAP_PAGE: v=0x200EC000 p=0xFD0EC000 f=0x00000003
  PTE written: 0xFD0EC003
MAP_PAGE: v=0x200ED000 p=0xFD0ED000 f=0x00000003
  PTE written: 0xFD0ED003
MAP_PAGE: v=0x200EE000 p=0xFD0EE000 f=0x00000003
  PTE written: 0xFD0EE003
MAP_PAGE: v=0x200EF000 p=0xFD0EF000 f=0x00000003
  PTE written: 0xFD0EF003
MAP_PAGE: v=0x200F0000 p=0xFD0F0000 f=0x00000003
  PTE written: 0xFD0F0003
MAP_PAGE: v=0x200F1000 p=0xFD0F1000 f=0x00000003
  PTE written: 0xFD0F1003
MAP_PAGE: v=0x200F2000 p=0xFD0F2000 f=0x00000003
  PTE written: 0xFD0F2003
MAP_PAGE: v=0x200F3000 p=0xFD0F3000 f=0x00000003
  PTE written: 0xFD0F3003
MAP_PAGE: v=0x200F4000 p=0xFD0F4000 f=0x00000003
  PTE written: 0xFD0F4003
MAP_PAGE: v=0x200F5000 p=0xFD0F5000 f=0x00000003
  PTE written: 0xFD0F5003
MAP_PAGE: v=0x200F6000 p=0xFD0F6000 f=0x00000003
  PTE written: 0xFD0F6003
MAP_PAGE: v=0x200F7000 p=0xFD0F7000 f=0x00000003
  PTE written: 0xFD0F7003
MAP_PAGE: v=0x200F8000 p=0xFD0F8000 f=0x00000003
  PTE written: 0xFD0F8003
MAP_PAGE: v=0x200F9000 p=0xFD0F9000 f=0x00000003
  PTE written: 0xFD0F9003
MAP_PAGE: v=0x200FA000 p=0xFD0FA000 f=0x00000003
  PTE written: 0xFD0FA003
MAP_PAGE: v=0x200FB000 p=0xFD0FB000 f=0x00000003
  PTE written: 0xFD0FB003
MAP_PAGE: v=0x200FC000 p=0xFD0FC000 f=0x00000003
  PTE written: 0xFD0FC003
MAP_PAGE: v=0x200FD000 p=0xFD0FD000 f=0x00000003
  PTE written: 0xFD0FD003
MAP_PAGE: v=0x200FE000 p=0xFD0FE000 f=0x00000003
  PTE written: 0xFD0FE003
MAP_PAGE: v=0x200FF000 p=0xFD0FF000 f=0x00000003
  PTE written: 0xFD0FF003
MAP_PAGE: v=0x20100000 p=0xFD100000 f=0x00000003
  PTE written: 0xFD100003
MAP_PAGE: v=0x20101000 p=0xFD101000 f=0x00000003
  PTE written: 0xFD101003
MAP_PAGE: v=0x20102000 p=0xFD102000 f=0x00000003
  PTE written: 0xFD102003
MAP_PAGE: v=0x20103000 p=0xFD103000 f=0x00000003
  PTE written: 0xFD103003
MAP_PAGE: v=0x20104000 p=0xFD104000 f=0x00000003
  PTE written: 0xFD104003
MAP_PAGE: v=0x20105000 p=0xFD105000 f=0x00000003
  PTE written: 0xFD105003
MAP_PAGE: v=0x20106000 p=0xFD106000 f=0x00000003
  PTE written: 0xFD106003
MAP_PAGE: v=0x20107000 p=0xFD107000 f=0x00000003
  PTE written: 0xFD107003
MAP_PAGE: v=0x20108000 p=0xFD108000 f=0x00000003
  PTE written: 0xFD108003
MAP_PAGE: v=0x20109000 p=0xFD109000 f=0x00000003
  PTE written: 0xFD109003
MAP_PAGE: v=0x2010A000 p=0xFD10A000 f=0x00000003
  PTE written: 0xFD10A003
MAP_PAGE: v=0x2010B000 p=0xFD10B000 f=0x00000003
  PTE written: 0xFD10B003
MAP_PAGE: v=0x2010C000 p=0xFD10C000 f=0x00000003
  PTE written: 0xFD10C003
MAP_PAGE: v=0x2010D000 p=0xFD10D000 f=0x00000003
  PTE written: 0xFD10D003
MAP_PAGE: v=0x2010E000 p=0xFD10E000 f=0x00000003
  PTE written: 0xFD10E003
MAP_PAGE: v=0x2010F000 p=0xFD10F000 f=0x00000003
  PTE written: 0xFD10F003
MAP_PAGE: v=0x20110000 p=0xFD110000 f=0x00000003
  PTE written: 0xFD110003
MAP_PAGE: v=0x20111000 p=0xFD111000 f=0x00000003
  PTE written: 0xFD111003
MAP_PAGE: v=0x20112000 p=0xFD112000 f=0x00000003
  PTE written: 0xFD112003
MAP_PAGE: v=0x20113000 p=0xFD113000 f=0x00000003
  PTE written: 0xFD113003
MAP_PAGE: v=0x20114000 p=0xFD114000 f=0x00000003
  PTE written: 0xFD114003
MAP_PAGE: v=0x20115000 p=0xFD115000 f=0x00000003
  PTE written: 0xFD115003
MAP_PAGE: v=0x20116000 p=0xFD116000 f=0x00000003
  PTE written: 0xFD116003
MAP_PAGE: v=0x20117000 p=0xFD117000 f=0x00000003
  PTE written: 0xFD117003
MAP_PAGE: v=0x20118000 p=0xFD118000 f=0x00000003
  PTE written: 0xFD118003
MAP_PAGE: v=0x20119000 p=0xFD119000 f=0x00000003
  PTE written: 0xFD119003
MAP_PAGE: v=0x2011A000 p=0xFD11A000 f=0x00000003
  PTE written: 0xFD11A003
MAP_PAGE: v=0x2011B000 p=0xFD11B000 f=0x00000003
  PTE written: 0xFD11B003
MAP_PAGE: v=0x2011C000 p=0xFD11C000 f=0x00000003
  PTE written: 0xFD11C003
MAP_PAGE: v=0x2011D000 p=0xFD11D000 f=0x00000003
  PTE written: 0xFD11D003
MAP_PAGE: v=0x2011E000 p=0xFD11E000 f=0x00000003
  PTE written: 0xFD11E003
MAP_PAGE: v=0x2011F000 p=0xFD11F000 f=0x00000003
  PTE written: 0xFD11F003
MAP_PAGE: v=0x20120000 p=0xFD120000 f=0x00000003
  PTE written: 0xFD120003
MAP_PAGE: v=0x20121000 p=0xFD121000 f=0x00000003
  PTE written: 0xFD121003
MAP_PAGE: v=0x20122000 p=0xFD122000 f=0x00000003
  PTE written: 0xFD122003
MAP_PAGE: v=0x20123000 p=0xFD123000 f=0x00000003
  PTE written: 0xFD123003
MAP_PAGE: v=0x20124000 p=0xFD124000 f=0x00000003
  PTE written: 0xFD124003
MAP_PAGE: v=0x20125000 p=0xFD125000 f=0x00000003
  PTE written: 0xFD125003
MAP_PAGE: v=0x20126000 p=0xFD126000 f=0x00000003
  PTE written: 0xFD126003
MAP_PAGE: v=0x20127000 p=0xFD127000 f=0x00000003
  PTE written: 0xFD127003
MAP_PAGE: v=0x20128000 p=0xFD128000 f=0x00000003
  PTE written: 0xFD128003
MAP_PAGE: v=0x20129000 p=0xFD129000 f=0x00000003
  PTE written: 0xFD129003
MAP_PAGE: v=0x2012A000 p=0xFD12A000 f=0x00000003
  PTE written: 0xFD12A003
MAP_PAGE: v=0x2012B000 p=0xFD12B000 f=0x00000003
  PTE written: 0xFD12B003
MAP_PAGE: v=0x2012C000 p=0xFD12C000 f=0x00000003
  PTE written: 0xFD12C003
MAP_PAGE: v=0x2012D000 p=0xFD12D000 f=0x00000003
  PTE written: 0xFD12D003
MAP_PAGE: v=0x2012E000 p=0xFD12E000 f=0x00000003
  PTE written: 0xFD12E003
MAP_PAGE: v=0x2012F000 p=0xFD12F000 f=0x00000003
  PTE written: 0xFD12F003
MAP_PAGE: v=0x20130000 p=0xFD130000 f=0x00000003
  PTE written: 0xFD130003
MAP_PAGE: v=0x20131000 p=0xFD131000 f=0x00000003
  PTE written: 0xFD131003
MAP_PAGE: v=0x20132000 p=0xFD132000 f=0x00000003
  PTE written: 0xFD132003
MAP_PAGE: v=0x20133000 p=0xFD133000 f=0x00000003
  PTE written: 0xFD133003
MAP_PAGE: v=0x20134000 p=0xFD134000 f=0x00000003
  PTE written: 0xFD134003
MAP_PAGE: v=0x20135000 p=0xFD135000 f=0x00000003
  PTE written: 0xFD135003
MAP_PAGE: v=0x20136000 p=0xFD136000 f=0x00000003
  PTE written: 0xFD136003
MAP_PAGE: v=0x20137000 p=0xFD137000 f=0x00000003
  PTE written: 0xFD137003
MAP_PAGE: v=0x20138000 p=0xFD138000 f=0x00000003
  PTE written: 0xFD138003
MAP_PAGE: v=0x20139000 p=0xFD139000 f=0x00000003
  PTE written: 0xFD139003
MAP_PAGE: v=0x2013A000 p=0xFD13A000 f=0x00000003
  PTE written: 0xFD13A003
MAP_PAGE: v=0x2013B000 p=0xFD13B000 f=0x00000003
  PTE written: 0xFD13B003
MAP_PAGE: v=0x2013C000 p=0xFD13C000 f=0x00000003
  PTE written: 0xFD13C003
MAP_PAGE: v=0x2013D000 p=0xFD13D000 f=0x00000003
  PTE written: 0xFD13D003
MAP_PAGE: v=0x2013E000 p=0xFD13E000 f=0x00000003
  PTE written: 0xFD13E003
MAP_PAGE: v=0x2013F000 p=0xFD13F000 f=0x00000003
  PTE written: 0xFD13F003
MAP_PAGE: v=0x20140000 p=0xFD140000 f=0x00000003
  PTE written: 0xFD140003
MAP_PAGE: v=0x20141000 p=0xFD141000 f=0x00000003
  PTE written: 0xFD141003
MAP_PAGE: v=0x20142000 p=0xFD142000 f=0x00000003
  PTE written: 0xFD142003
MAP_PAGE: v=0x20143000 p=0xFD143000 f=0x00000003
  PTE written: 0xFD143003
MAP_PAGE: v=0x20144000 p=0xFD144000 f=0x00000003
  PTE written: 0xFD144003
MAP_PAGE: v=0x20145000 p=0xFD145000 f=0x00000003
  PTE written: 0xFD145003
MAP_PAGE: v=0x20146000 p=0xFD146000 f=0x00000003
  PTE written: 0xFD146003
MAP_PAGE: v=0x20147000 p=0xFD147000 f=0x00000003
  PTE written: 0xFD147003
MAP_PAGE: v=0x20148000 p=0xFD148000 f=0x00000003
  PTE written: 0xFD148003
MAP_PAGE: v=0x20149000 p=0xFD149000 f=0x00000003
  PTE written: 0xFD149003
MAP_PAGE: v=0x2014A000 p=0xFD14A000 f=0x00000003
  PTE written: 0xFD14A003
MAP_PAGE: v=0x2014B000 p=0xFD14B000 f=0x00000003
  PTE written: 0xFD14B003
MAP_PAGE: v=0x2014C000 p=0xFD14C000 f=0x00000003
  PTE written: 0xFD14C003
MAP_PAGE: v=0x2014D000 p=0xFD14D000 f=0x00000003
  PTE written: 0xFD14D003
MAP_PAGE: v=0x2014E000 p=0xFD14E000 f=0x00000003
  PTE written: 0xFD14E003
MAP_PAGE: v=0x2014F000 p=0xFD14F000 f=0x00000003
  PTE written: 0xFD14F003
MAP_PAGE: v=0x20150000 p=0xFD150000 f=0x00000003
  PTE written: 0xFD150003
MAP_PAGE: v=0x20151000 p=0xFD151000 f=0x00000003
  PTE written: 0xFD151003
MAP_PAGE: v=0x20152000 p=0xFD152000 f=0x00000003
  PTE written: 0xFD152003
MAP_PAGE: v=0x20153000 p=0xFD153000 f=0x00000003
  PTE written: 0xFD153003
MAP_PAGE: v=0x20154000 p=0xFD154000 f=0x00000003
  PTE written: 0xFD154003
MAP_PAGE: v=0x20155000 p=0xFD155000 f=0x00000003
  PTE written: 0xFD155003
MAP_PAGE: v=0x20156000 p=0xFD156000 f=0x00000003
  PTE written: 0xFD156003
MAP_PAGE: v=0x20157000 p=0xFD157000 f=0x00000003
  PTE written: 0xFD157003
MAP_PAGE: v=0x20158000 p=0xFD158000 f=0x00000003
  PTE written: 0xFD158003
MAP_PAGE: v=0x20159000 p=0xFD159000 f=0x00000003
  PTE written: 0xFD159003
MAP_PAGE: v=0x2015A000 p=0xFD15A000 f=0x00000003
  PTE written: 0xFD15A003
MAP_PAGE: v=0x2015B000 p=0xFD15B000 f=0x00000003
  PTE written: 0xFD15B003
MAP_PAGE: v=0x2015C000 p=0xFD15C000 f=0x00000003
  PTE written: 0xFD15C003
MAP_PAGE: v=0x2015D000 p=0xFD15D000 f=0x00000003
  PTE written: 0xFD15D003
MAP_PAGE: v=0x2015E000 p=0xFD15E000 f=0x00000003
  PTE written: 0xFD15E003
MAP_PAGE: v=0x2015F000 p=0xFD15F000 f=0x00000003
  PTE written: 0xFD15F003
MAP_PAGE: v=0x20160000 p=0xFD160000 f=0x00000003
  PTE written: 0xFD160003
MAP_PAGE: v=0x20161000 p=0xFD161000 f=0x00000003
  PTE written: 0xFD161003
MAP_PAGE: v=0x20162000 p=0xFD162000 f=0x00000003
  PTE written: 0xFD162003
MAP_PAGE: v=0x20163000 p=0xFD163000 f=0x00000003
  PTE written: 0xFD163003
MAP_PAGE: v=0x20164000 p=0xFD164000 f=0x00000003
  PTE written: 0xFD164003
MAP_PAGE: v=0x20165000 p=0xFD165000 f=0x00000003
  PTE written: 0xFD165003
MAP_PAGE: v=0x20166000 p=0xFD166000 f=0x00000003
  PTE written: 0xFD166003
MAP_PAGE: v=0x20167000 p=0xFD167000 f=0x00000003
  PTE written: 0xFD167003
MAP_PAGE: v=0x20168000 p=0xFD168000 f=0x00000003
  PTE written: 0xFD168003
MAP_PAGE: v=0x20169000 p=0xFD169000 f=0x00000003
  PTE written: 0xFD169003
MAP_PAGE: v=0x2016A000 p=0xFD16A000 f=0x00000003
  PTE written: 0xFD16A003
MAP_PAGE: v=0x2016B000 p=0xFD16B000 f=0x00000003
  PTE written: 0xFD16B003
MAP_PAGE: v=0x2016C000 p=0xFD16C000 f=0x00000003
  PTE written: 0xFD16C003
MAP_PAGE: v=0x2016D000 p=0xFD16D000 f=0x00000003
  PTE written: 0xFD16D003
MAP_PAGE: v=0x2016E000 p=0xFD16E000 f=0x00000003
  PTE written: 0xFD16E003
MAP_PAGE: v=0x2016F000 p=0xFD16F000 f=0x00000003
  PTE written: 0xFD16F003
MAP_PAGE: v=0x20170000 p=0xFD170000 f=0x00000003
  PTE written: 0xFD170003
MAP_PAGE: v=0x20171000 p=0xFD171000 f=0x00000003
  PTE written: 0xFD171003
MAP_PAGE: v=0x20172000 p=0xFD172000 f=0x00000003
  PTE written: 0xFD172003
MAP_PAGE: v=0x20173000 p=0xFD173000 f=0x00000003
  PTE written: 0xFD173003
MAP_PAGE: v=0x20174000 p=0xFD174000 f=0x00000003
  PTE written: 0xFD174003
MAP_PAGE: v=0x20175000 p=0xFD175000 f=0x00000003
  PTE written: 0xFD175003
MAP_PAGE: v=0x20176000 p=0xFD176000 f=0x00000003
  PTE written: 0xFD176003
MAP_PAGE: v=0x20177000 p=0xFD177000 f=0x00000003
  PTE written: 0xFD177003
MAP_PAGE: v=0x20178000 p=0xFD178000 f=0x00000003
  PTE written: 0xFD178003
MAP_PAGE: v=0x20179000 p=0xFD179000 f=0x00000003
  PTE written: 0xFD179003
MAP_PAGE: v=0x2017A000 p=0xFD17A000 f=0x00000003
  PTE written: 0xFD17A003
MAP_PAGE: v=0x2017B000 p=0xFD17B000 f=0x00000003
  PTE written: 0xFD17B003
MAP_PAGE: v=0x2017C000 p=0xFD17C000 f=0x00000003
  PTE written: 0xFD17C003
MAP_PAGE: v=0x2017D000 p=0xFD17D000 f=0x00000003
  PTE written: 0xFD17D003
MAP_PAGE: v=0x2017E000 p=0xFD17E000 f=0x00000003
  PTE written: 0xFD17E003
MAP_PAGE: v=0x2017F000 p=0xFD17F000 f=0x00000003
  PTE written: 0xFD17F003
MAP_PAGE: v=0x20180000 p=0xFD180000 f=0x00000003
  PTE written: 0xFD180003
MAP_PAGE: v=0x20181000 p=0xFD181000 f=0x00000003
  PTE written: 0xFD181003
MAP_PAGE: v=0x20182000 p=0xFD182000 f=0x00000003
  PTE written: 0xFD182003
MAP_PAGE: v=0x20183000 p=0xFD183000 f=0x00000003
  PTE written: 0xFD183003
MAP_PAGE: v=0x20184000 p=0xFD184000 f=0x00000003
  PTE written: 0xFD184003
MAP_PAGE: v=0x20185000 p=0xFD185000 f=0x00000003
  PTE written: 0xFD185003
MAP_PAGE: v=0x20186000 p=0xFD186000 f=0x00000003
  PTE written: 0xFD186003
MAP_PAGE: v=0x20187000 p=0xFD187000 f=0x00000003
  PTE written: 0xFD187003
MAP_PAGE: v=0x20188000 p=0xFD188000 f=0x00000003
  PTE written: 0xFD188003
MAP_PAGE: v=0x20189000 p=0xFD189000 f=0x00000003
  PTE written: 0xFD189003
MAP_PAGE: v=0x2018A000 p=0xFD18A000 f=0x00000003
  PTE written: 0xFD18A003
MAP_PAGE: v=0x2018B000 p=0xFD18B000 f=0x00000003
  PTE written: 0xFD18B003
MAP_PAGE: v=0x2018C000 p=0xFD18C000 f=0x00000003
  PTE written: 0xFD18C003
MAP_PAGE: v=0x2018D000 p=0xFD18D000 f=0x00000003
  PTE written: 0xFD18D003
MAP_PAGE: v=0x2018E000 p=0xFD18E000 f=0x00000003
  PTE written: 0xFD18E003
MAP_PAGE: v=0x2018F000 p=0xFD18F000 f=0x00000003
  PTE written: 0xFD18F003
MAP_PAGE: v=0x20190000 p=0xFD190000 f=0x00000003
  PTE written: 0xFD190003
MAP_PAGE: v=0x20191000 p=0xFD191000 f=0x00000003
  PTE written: 0xFD191003
MAP_PAGE: v=0x20192000 p=0xFD192000 f=0x00000003
  PTE written: 0xFD192003
MAP_PAGE: v=0x20193000 p=0xFD193000 f=0x00000003
  PTE written: 0xFD193003
MAP_PAGE: v=0x20194000 p=0xFD194000 f=0x00000003
  PTE written: 0xFD194003
MAP_PAGE: v=0x20195000 p=0xFD195000 f=0x00000003
  PTE written: 0xFD195003
MAP_PAGE: v=0x20196000 p=0xFD196000 f=0x00000003
  PTE written: 0xFD196003
MAP_PAGE: v=0x20197000 p=0xFD197000 f=0x00000003
  PTE written: 0xFD197003
MAP_PAGE: v=0x20198000 p=0xFD198000 f=0x00000003
  PTE written: 0xFD198003
MAP_PAGE: v=0x20199000 p=0xFD199000 f=0x00000003
  PTE written: 0xFD199003
MAP_PAGE: v=0x2019A000 p=0xFD19A000 f=0x00000003
  PTE written: 0xFD19A003
MAP_PAGE: v=0x2019B000 p=0xFD19B000 f=0x00000003
  PTE written: 0xFD19B003
MAP_PAGE: v=0x2019C000 p=0xFD19C000 f=0x00000003
  PTE written: 0xFD19C003
MAP_PAGE: v=0x2019D000 p=0xFD19D000 f=0x00000003
  PTE written: 0xFD19D003
MAP_PAGE: v=0x2019E000 p=0xFD19E000 f=0x00000003
  PTE written: 0xFD19E003
MAP_PAGE: v=0x2019F000 p=0xFD19F000 f=0x00000003
  PTE written: 0xFD19F003
MAP_PAGE: v=0x201A0000 p=0xFD1A0000 f=0x00000003
  PTE written: 0xFD1A0003
MAP_PAGE: v=0x201A1000 p=0xFD1A1000 f=0x00000003
  PTE written: 0xFD1A1003
MAP_PAGE: v=0x201A2000 p=0xFD1A2000 f=0x00000003
  PTE written: 0xFD1A2003
MAP_PAGE: v=0x201A3000 p=0xFD1A3000 f=0x00000003
  PTE written: 0xFD1A3003
MAP_PAGE: v=0x201A4000 p=0xFD1A4000 f=0x00000003
  PTE written: 0xFD1A4003
MAP_PAGE: v=0x201A5000 p=0xFD1A5000 f=0x00000003
  PTE written: 0xFD1A5003
MAP_PAGE: v=0x201A6000 p=0xFD1A6000 f=0x00000003
  PTE written: 0xFD1A6003
MAP_PAGE: v=0x201A7000 p=0xFD1A7000 f=0x00000003
  PTE written: 0xFD1A7003
MAP_PAGE: v=0x201A8000 p=0xFD1A8000 f=0x00000003
  PTE written: 0xFD1A8003
MAP_PAGE: v=0x201A9000 p=0xFD1A9000 f=0x00000003
  PTE written: 0xFD1A9003
MAP_PAGE: v=0x201AA000 p=0xFD1AA000 f=0x00000003
  PTE written: 0xFD1AA003
MAP_PAGE: v=0x201AB000 p=0xFD1AB000 f=0x00000003
  PTE written: 0xFD1AB003
MAP_PAGE: v=0x201AC000 p=0xFD1AC000 f=0x00000003
  PTE written: 0xFD1AC003
MAP_PAGE: v=0x201AD000 p=0xFD1AD000 f=0x00000003
  PTE written: 0xFD1AD003
MAP_PAGE: v=0x201AE000 p=0xFD1AE000 f=0x00000003
  PTE written: 0xFD1AE003
MAP_PAGE: v=0x201AF000 p=0xFD1AF000 f=0x00000003
  PTE written: 0xFD1AF003
MAP_PAGE: v=0x201B0000 p=0xFD1B0000 f=0x00000003
  PTE written: 0xFD1B0003
MAP_PAGE: v=0x201B1000 p=0xFD1B1000 f=0x00000003
  PTE written: 0xFD1B1003
MAP_PAGE: v=0x201B2000 p=0xFD1B2000 f=0x00000003
  PTE written: 0xFD1B2003
MAP_PAGE: v=0x201B3000 p=0xFD1B3000 f=0x00000003
  PTE written: 0xFD1B3003
MAP_PAGE: v=0x201B4000 p=0xFD1B4000 f=0x00000003
  PTE written: 0xFD1B4003
MAP_PAGE: v=0x201B5000 p=0xFD1B5000 f=0x00000003
  PTE written: 0xFD1B5003
MAP_PAGE: v=0x201B6000 p=0xFD1B6000 f=0x00000003
  PTE written: 0xFD1B6003
MAP_PAGE: v=0x201B7000 p=0xFD1B7000 f=0x00000003
  PTE written: 0xFD1B7003
MAP_PAGE: v=0x201B8000 p=0xFD1B8000 f=0x00000003
  PTE written: 0xFD1B8003
MAP_PAGE: v=0x201B9000 p=0xFD1B9000 f=0x00000003
  PTE written: 0xFD1B9003
MAP_PAGE: v=0x201BA000 p=0xFD1BA000 f=0x00000003
  PTE written: 0xFD1BA003
MAP_PAGE: v=0x201BB000 p=0xFD1BB000 f=0x00000003
  PTE written: 0xFD1BB003
MAP_PAGE: v=0x201BC000 p=0xFD1BC000 f=0x00000003
  PTE written: 0xFD1BC003
MAP_PAGE: v=0x201BD000 p=0xFD1BD000 f=0x00000003
  PTE written: 0xFD1BD003
MAP_PAGE: v=0x201BE000 p=0xFD1BE000 f=0x00000003
  PTE written: 0xFD1BE003
MAP_PAGE: v=0x201BF000 p=0xFD1BF000 f=0x00000003
  PTE written: 0xFD1BF003
MAP_PAGE: v=0x201C0000 p=0xFD1C0000 f=0x00000003
  PTE written: 0xFD1C0003
MAP_PAGE: v=0x201C1000 p=0xFD1C1000 f=0x00000003
  PTE written: 0xFD1C1003
MAP_PAGE: v=0x201C2000 p=0xFD1C2000 f=0x00000003
  PTE written: 0xFD1C2003
MAP_PAGE: v=0x201C3000 p=0xFD1C3000 f=0x00000003
  PTE written: 0xFD1C3003
MAP_PAGE: v=0x201C4000 p=0xFD1C4000 f=0x00000003
  PTE written: 0xFD1C4003
MAP_PAGE: v=0x201C5000 p=0xFD1C5000 f=0x00000003
  PTE written: 0xFD1C5003
MAP_PAGE: v=0x201C6000 p=0xFD1C6000 f=0x00000003
  PTE written: 0xFD1C6003
MAP_PAGE: v=0x201C7000 p=0xFD1C7000 f=0x00000003
  PTE written: 0xFD1C7003
MAP_PAGE: v=0x201C8000 p=0xFD1C8000 f=0x00000003
  PTE written: 0xFD1C8003
MAP_PAGE: v=0x201C9000 p=0xFD1C9000 f=0x00000003
  PTE written: 0xFD1C9003
MAP_PAGE: v=0x201CA000 p=0xFD1CA000 f=0x00000003
  PTE written: 0xFD1CA003
MAP_PAGE: v=0x201CB000 p=0xFD1CB000 f=0x00000003
  PTE written: 0xFD1CB003
MAP_PAGE: v=0x201CC000 p=0xFD1CC000 f=0x00000003
  PTE written: 0xFD1CC003
MAP_PAGE: v=0x201CD000 p=0xFD1CD000 f=0x00000003
  PTE written: 0xFD1CD003
MAP_PAGE: v=0x201CE000 p=0xFD1CE000 f=0x00000003
  PTE written: 0xFD1CE003
MAP_PAGE: v=0x201CF000 p=0xFD1CF000 f=0x00000003
  PTE written: 0xFD1CF003
MAP_PAGE: v=0x201D0000 p=0xFD1D0000 f=0x00000003
  PTE written: 0xFD1D0003
MAP_PAGE: v=0x201D1000 p=0xFD1D1000 f=0x00000003
  PTE written: 0xFD1D1003
MAP_PAGE: v=0x201D2000 p=0xFD1D2000 f=0x00000003
  PTE written: 0xFD1D2003
MAP_PAGE: v=0x201D3000 p=0xFD1D3000 f=0x00000003
  PTE written: 0xFD1D3003
MAP_PAGE: v=0x201D4000 p=0xFD1D4000 f=0x00000003
  PTE written: 0xFD1D4003
MAP_PAGE: v=0x201D5000 p=0xFD1D5000 f=0x00000003
  PTE written: 0xFD1D5003
MAP_PAGE: v=0x201D6000 p=0xFD1D6000 f=0x00000003
  PTE written: 0xFD1D6003
MAP_PAGE: v=0x201D7000 p=0xFD1D7000 f=0x00000003
  PTE written: 0xFD1D7003
MAP_PAGE: v=0x201D8000 p=0xFD1D8000 f=0x00000003
  PTE written: 0xFD1D8003
MAP_PAGE: v=0x201D9000 p=0xFD1D9000 f=0x00000003
  PTE written: 0xFD1D9003
MAP_PAGE: v=0x201DA000 p=0xFD1DA000 f=0x00000003
  PTE written: 0xFD1DA003
MAP_PAGE: v=0x201DB000 p=0xFD1DB000 f=0x00000003
  PTE written: 0xFD1DB003
MAP_PAGE: v=0x201DC000 p=0xFD1DC000 f=0x00000003
  PTE written: 0xFD1DC003
MAP_PAGE: v=0x201DD000 p=0xFD1DD000 f=0x00000003
  PTE written: 0xFD1DD003
MAP_PAGE: v=0x201DE000 p=0xFD1DE000 f=0x00000003
  PTE written: 0xFD1DE003
MAP_PAGE: v=0x201DF000 p=0xFD1DF000 f=0x00000003
  PTE written: 0xFD1DF003
MAP_PAGE: v=0x201E0000 p=0xFD1E0000 f=0x00000003
  PTE written: 0xFD1E0003
MAP_PAGE: v=0x201E1000 p=0xFD1E1000 f=0x00000003
  PTE written: 0xFD1E1003
MAP_PAGE: v=0x201E2000 p=0xFD1E2000 f=0x00000003
  PTE written: 0xFD1E2003
MAP_PAGE: v=0x201E3000 p=0xFD1E3000 f=0x00000003
  PTE written: 0xFD1E3003
MAP_PAGE: v=0x201E4000 p=0xFD1E4000 f=0x00000003
  PTE written: 0xFD1E4003
MAP_PAGE: v=0x201E5000 p=0xFD1E5000 f=0x00000003
  PTE written: 0xFD1E5003
MAP_PAGE: v=0x201E6000 p=0xFD1E6000 f=0x00000003
  PTE written: 0xFD1E6003
MAP_PAGE: v=0x201E7000 p=0xFD1E7000 f=0x00000003
  PTE written: 0xFD1E7003
MAP_PAGE: v=0x201E8000 p=0xFD1E8000 f=0x00000003
  PTE written: 0xFD1E8003
MAP_PAGE: v=0x201E9000 p=0xFD1E9000 f=0x00000003
  PTE written: 0xFD1E9003
MAP_PAGE: v=0x201EA000 p=0xFD1EA000 f=0x00000003
  PTE written: 0xFD1EA003
MAP_PAGE: v=0x201EB000 p=0xFD1EB000 f=0x00000003
  PTE written: 0xFD1EB003
MAP_PAGE: v=0x201EC000 p=0xFD1EC000 f=0x00000003
  PTE written: 0xFD1EC003
MAP_PAGE: v=0x201ED000 p=0xFD1ED000 f=0x00000003
  PTE written: 0xFD1ED003
MAP_PAGE: v=0x201EE000 p=0xFD1EE000 f=0x00000003
  PTE written: 0xFD1EE003
MAP_PAGE: v=0x201EF000 p=0xFD1EF000 f=0x00000003
  PTE written: 0xFD1EF003
MAP_PAGE: v=0x201F0000 p=0xFD1F0000 f=0x00000003
  PTE written: 0xFD1F0003
MAP_PAGE: v=0x201F1000 p=0xFD1F1000 f=0x00000003
  PTE written: 0xFD1F1003
MAP_PAGE: v=0x201F2000 p=0xFD1F2000 f=0x00000003
  PTE written: 0xFD1F2003
MAP_PAGE: v=0x201F3000 p=0xFD1F3000 f=0x00000003
  PTE written: 0xFD1F3003
MAP_PAGE: v=0x201F4000 p=0xFD1F4000 f=0x00000003
  PTE written: 0xFD1F4003
MAP_PAGE: v=0x201F5000 p=0xFD1F5000 f=0x00000003
  PTE written: 0xFD1F5003
MAP_PAGE: v=0x201F6000 p=0xFD1F6000 f=0x00000003
  PTE written: 0xFD1F6003
MAP_PAGE: v=0x201F7000 p=0xFD1F7000 f=0x00000003
  PTE written: 0xFD1F7003
MAP_PAGE: v=0x201F8000 p=0xFD1F8000 f=0x00000003
  PTE written: 0xFD1F8003
MAP_PAGE: v=0x201F9000 p=0xFD1F9000 f=0x00000003
  PTE written: 0xFD1F9003
MAP_PAGE: v=0x201FA000 p=0xFD1FA000 f=0x00000003
  PTE written: 0xFD1FA003
MAP_PAGE: v=0x201FB000 p=0xFD1FB000 f=0x00000003
  PTE written: 0xFD1FB003
MAP_PAGE: v=0x201FC000 p=0xFD1FC000 f=0x00000003
  PTE written: 0xFD1FC003
MAP_PAGE: v=0x201FD000 p=0xFD1FD000 f=0x00000003
  PTE written: 0xFD1FD003
MAP_PAGE: v=0x201FE000 p=0xFD1FE000 f=0x00000003
  PTE written: 0xFD1FE003
MAP_PAGE: v=0x201FF000 p=0xFD1FF000 f=0x00000003
  PTE written: 0xFD1FF003
MAP_PAGE: v=0x20200000 p=0xFD200000 f=0x00000003
  PTE written: 0xFD200003
MAP_PAGE: v=0x20201000 p=0xFD201000 f=0x00000003
  PTE written: 0xFD201003
MAP_PAGE: v=0x20202000 p=0xFD202000 f=0x00000003
  PTE written: 0xFD202003
MAP_PAGE: v=0x20203000 p=0xFD203000 f=0x00000003
  PTE written: 0xFD203003
MAP_PAGE: v=0x20204000 p=0xFD204000 f=0x00000003
  PTE written: 0xFD204003
MAP_PAGE: v=0x20205000 p=0xFD205000 f=0x00000003
  PTE written: 0xFD205003
MAP_PAGE: v=0x20206000 p=0xFD206000 f=0x00000003
  PTE written: 0xFD206003
MAP_PAGE: v=0x20207000 p=0xFD207000 f=0x00000003
  PTE written: 0xFD207003
MAP_PAGE: v=0x20208000 p=0xFD208000 f=0x00000003
  PTE written: 0xFD208003
MAP_PAGE: v=0x20209000 p=0xFD209000 f=0x00000003
  PTE written: 0xFD209003
MAP_PAGE: v=0x2020A000 p=0xFD20A000 f=0x00000003
  PTE written: 0xFD20A003
MAP_PAGE: v=0x2020B000 p=0xFD20B000 f=0x00000003
  PTE written: 0xFD20B003
MAP_PAGE: v=0x2020C000 p=0xFD20C000 f=0x00000003
  PTE written: 0xFD20C003
MAP_PAGE: v=0x2020D000 p=0xFD20D000 f=0x00000003
  PTE written: 0xFD20D003
MAP_PAGE: v=0x2020E000 p=0xFD20E000 f=0x00000003
  PTE written: 0xFD20E003
MAP_PAGE: v=0x2020F000 p=0xFD20F000 f=0x00000003
  PTE written: 0xFD20F003
MAP_PAGE: v=0x20210000 p=0xFD210000 f=0x00000003
  PTE written: 0xFD210003
MAP_PAGE: v=0x20211000 p=0xFD211000 f=0x00000003
  PTE written: 0xFD211003
MAP_PAGE: v=0x20212000 p=0xFD212000 f=0x00000003
  PTE written: 0xFD212003
MAP_PAGE: v=0x20213000 p=0xFD213000 f=0x00000003
  PTE written: 0xFD213003
MAP_PAGE: v=0x20214000 p=0xFD214000 f=0x00000003
  PTE written: 0xFD214003
MAP_PAGE: v=0x20215000 p=0xFD215000 f=0x00000003
  PTE written: 0xFD215003
MAP_PAGE: v=0x20216000 p=0xFD216000 f=0x00000003
  PTE written: 0xFD216003
MAP_PAGE: v=0x20217000 p=0xFD217000 f=0x00000003
  PTE written: 0xFD217003
MAP_PAGE: v=0x20218000 p=0xFD218000 f=0x00000003
  PTE written: 0xFD218003
MAP_PAGE: v=0x20219000 p=0xFD219000 f=0x00000003
  PTE written: 0xFD219003
MAP_PAGE: v=0x2021A000 p=0xFD21A000 f=0x00000003
  PTE written: 0xFD21A003
MAP_PAGE: v=0x2021B000 p=0xFD21B000 f=0x00000003
  PTE written: 0xFD21B003
MAP_PAGE: v=0x2021C000 p=0xFD21C000 f=0x00000003
  PTE written: 0xFD21C003
MAP_PAGE: v=0x2021D000 p=0xFD21D000 f=0x00000003
  PTE written: 0xFD21D003
MAP_PAGE: v=0x2021E000 p=0xFD21E000 f=0x00000003
  PTE written: 0xFD21E003
MAP_PAGE: v=0x2021F000 p=0xFD21F000 f=0x00000003
  PTE written: 0xFD21F003
MAP_PAGE: v=0x20220000 p=0xFD220000 f=0x00000003
  PTE written: 0xFD220003
MAP_PAGE: v=0x20221000 p=0xFD221000 f=0x00000003
  PTE written: 0xFD221003
MAP_PAGE: v=0x20222000 p=0xFD222000 f=0x00000003
  PTE written: 0xFD222003
MAP_PAGE: v=0x20223000 p=0xFD223000 f=0x00000003
  PTE written: 0xFD223003
MAP_PAGE: v=0x20224000 p=0xFD224000 f=0x00000003
  PTE written: 0xFD224003
MAP_PAGE: v=0x20225000 p=0xFD225000 f=0x00000003
  PTE written: 0xFD225003
MAP_PAGE: v=0x20226000 p=0xFD226000 f=0x00000003
  PTE written: 0xFD226003
MAP_PAGE: v=0x20227000 p=0xFD227000 f=0x00000003
  PTE written: 0xFD227003
MAP_PAGE: v=0x20228000 p=0xFD228000 f=0x00000003
  PTE written: 0xFD228003
MAP_PAGE: v=0x20229000 p=0xFD229000 f=0x00000003
  PTE written: 0xFD229003
MAP_PAGE: v=0x2022A000 p=0xFD22A000 f=0x00000003
  PTE written: 0xFD22A003
MAP_PAGE: v=0x2022B000 p=0xFD22B000 f=0x00000003
  PTE written: 0xFD22B003
MAP_PAGE: v=0x2022C000 p=0xFD22C000 f=0x00000003
  PTE written: 0xFD22C003
MAP_PAGE: v=0x2022D000 p=0xFD22D000 f=0x00000003
  PTE written: 0xFD22D003
MAP_PAGE: v=0x2022E000 p=0xFD22E000 f=0x00000003
  PTE written: 0xFD22E003
MAP_PAGE: v=0x2022F000 p=0xFD22F000 f=0x00000003
  PTE written: 0xFD22F003
MAP_PAGE: v=0x20230000 p=0xFD230000 f=0x00000003
  PTE written: 0xFD230003
MAP_PAGE: v=0x20231000 p=0xFD231000 f=0x00000003
  PTE written: 0xFD231003
MAP_PAGE: v=0x20232000 p=0xFD232000 f=0x00000003
  PTE written: 0xFD232003
MAP_PAGE: v=0x20233000 p=0xFD233000 f=0x00000003
  PTE written: 0xFD233003
MAP_PAGE: v=0x20234000 p=0xFD234000 f=0x00000003
  PTE written: 0xFD234003
MAP_PAGE: v=0x20235000 p=0xFD235000 f=0x00000003
  PTE written: 0xFD235003
MAP_PAGE: v=0x20236000 p=0xFD236000 f=0x00000003
  PTE written: 0xFD236003
MAP_PAGE: v=0x20237000 p=0xFD237000 f=0x00000003
  PTE written: 0xFD237003
MAP_PAGE: v=0x20238000 p=0xFD238000 f=0x00000003
  PTE written: 0xFD238003
MAP_PAGE: v=0x20239000 p=0xFD239000 f=0x00000003
  PTE written: 0xFD239003
MAP_PAGE: v=0x2023A000 p=0xFD23A000 f=0x00000003
  PTE written: 0xFD23A003
MAP_PAGE: v=0x2023B000 p=0xFD23B000 f=0x00000003
  PTE written: 0xFD23B003
MAP_PAGE: v=0x2023C000 p=0xFD23C000 f=0x00000003
  PTE written: 0xFD23C003
MAP_PAGE: v=0x2023D000 p=0xFD23D000 f=0x00000003
  PTE written: 0xFD23D003
MAP_PAGE: v=0x2023E000 p=0xFD23E000 f=0x00000003
  PTE written: 0xFD23E003
MAP_PAGE: v=0x2023F000 p=0xFD23F000 f=0x00000003
  PTE written: 0xFD23F003
MAP_PAGE: v=0x20240000 p=0xFD240000 f=0x00000003
  PTE written: 0xFD240003
MAP_PAGE: v=0x20241000 p=0xFD241000 f=0x00000003
  PTE written: 0xFD241003
MAP_PAGE: v=0x20242000 p=0xFD242000 f=0x00000003
  PTE written: 0xFD242003
MAP_PAGE: v=0x20243000 p=0xFD243000 f=0x00000003
  PTE written: 0xFD243003
MAP_PAGE: v=0x20244000 p=0xFD244000 f=0x00000003
  PTE written: 0xFD244003
MAP_PAGE: v=0x20245000 p=0xFD245000 f=0x00000003
  PTE written: 0xFD245003
MAP_PAGE: v=0x20246000 p=0xFD246000 f=0x00000003
  PTE written: 0xFD246003
MAP_PAGE: v=0x20247000 p=0xFD247000 f=0x00000003
  PTE written: 0xFD247003
MAP_PAGE: v=0x20248000 p=0xFD248000 f=0x00000003
  PTE written: 0xFD248003
MAP_PAGE: v=0x20249000 p=0xFD249000 f=0x00000003
  PTE written: 0xFD249003
MAP_PAGE: v=0x2024A000 p=0xFD24A000 f=0x00000003
  PTE written: 0xFD24A003
MAP_PAGE: v=0x2024B000 p=0xFD24B000 f=0x00000003
  PTE written: 0xFD24B003
MAP_PAGE: v=0x2024C000 p=0xFD24C000 f=0x00000003
  PTE written: 0xFD24C003
MAP_PAGE: v=0x2024D000 p=0xFD24D000 f=0x00000003
  PTE written: 0xFD24D003
MAP_PAGE: v=0x2024E000 p=0xFD24E000 f=0x00000003
  PTE written: 0xFD24E003
MAP_PAGE: v=0x2024F000 p=0xFD24F000 f=0x00000003
  PTE written: 0xFD24F003
MAP_PAGE: v=0x20250000 p=0xFD250000 f=0x00000003
  PTE written: 0xFD250003
MAP_PAGE: v=0x20251000 p=0xFD251000 f=0x00000003
  PTE written: 0xFD251003
MAP_PAGE: v=0x20252000 p=0xFD252000 f=0x00000003
  PTE written: 0xFD252003
MAP_PAGE: v=0x20253000 p=0xFD253000 f=0x00000003
  PTE written: 0xFD253003
MAP_PAGE: v=0x20254000 p=0xFD254000 f=0x00000003
  PTE written: 0xFD254003
MAP_PAGE: v=0x20255000 p=0xFD255000 f=0x00000003
  PTE written: 0xFD255003
MAP_PAGE: v=0x20256000 p=0xFD256000 f=0x00000003
  PTE written: 0xFD256003
MAP_PAGE: v=0x20257000 p=0xFD257000 f=0x00000003
  PTE written: 0xFD257003
MAP_PAGE: v=0x20258000 p=0xFD258000 f=0x00000003
  PTE written: 0xFD258003
MAP_PAGE: v=0x20259000 p=0xFD259000 f=0x00000003
  PTE written: 0xFD259003
MAP_PAGE: v=0x2025A000 p=0xFD25A000 f=0x00000003
  PTE written: 0xFD25A003
MAP_PAGE: v=0x2025B000 p=0xFD25B000 f=0x00000003
  PTE written: 0xFD25B003
MAP_PAGE: v=0x2025C000 p=0xFD25C000 f=0x00000003
  PTE written: 0xFD25C003
MAP_PAGE: v=0x2025D000 p=0xFD25D000 f=0x00000003
  PTE written: 0xFD25D003
MAP_PAGE: v=0x2025E000 p=0xFD25E000 f=0x00000003
  PTE written: 0xFD25E003
MAP_PAGE: v=0x2025F000 p=0xFD25F000 f=0x00000003
  PTE written: 0xFD25F003
MAP_PAGE: v=0x20260000 p=0xFD260000 f=0x00000003
  PTE written: 0xFD260003
MAP_PAGE: v=0x20261000 p=0xFD261000 f=0x00000003
  PTE written: 0xFD261003
MAP_PAGE: v=0x20262000 p=0xFD262000 f=0x00000003
  PTE written: 0xFD262003
MAP_PAGE: v=0x20263000 p=0xFD263000 f=0x00000003
  PTE written: 0xFD263003
MAP_PAGE: v=0x20264000 p=0xFD264000 f=0x00000003
  PTE written: 0xFD264003
MAP_PAGE: v=0x20265000 p=0xFD265000 f=0x00000003
  PTE written: 0xFD265003
MAP_PAGE: v=0x20266000 p=0xFD266000 f=0x00000003
  PTE written: 0xFD266003
MAP_PAGE: v=0x20267000 p=0xFD267000 f=0x00000003
  PTE written: 0xFD267003
MAP_PAGE: v=0x20268000 p=0xFD268000 f=0x00000003
  PTE written: 0xFD268003
MAP_PAGE: v=0x20269000 p=0xFD269000 f=0x00000003
  PTE written: 0xFD269003
MAP_PAGE: v=0x2026A000 p=0xFD26A000 f=0x00000003
  PTE written: 0xFD26A003
MAP_PAGE: v=0x2026B000 p=0xFD26B000 f=0x00000003
  PTE written: 0xFD26B003
MAP_PAGE: v=0x2026C000 p=0xFD26C000 f=0x00000003
  PTE written: 0xFD26C003
MAP_PAGE: v=0x2026D000 p=0xFD26D000 f=0x00000003
  PTE written: 0xFD26D003
MAP_PAGE: v=0x2026E000 p=0xFD26E000 f=0x00000003
  PTE written: 0xFD26E003
MAP_PAGE: v=0x2026F000 p=0xFD26F000 f=0x00000003
  PTE written: 0xFD26F003
MAP_PAGE: v=0x20270000 p=0xFD270000 f=0x00000003
  PTE written: 0xFD270003
MAP_PAGE: v=0x20271000 p=0xFD271000 f=0x00000003
  PTE written: 0xFD271003
MAP_PAGE: v=0x20272000 p=0xFD272000 f=0x00000003
  PTE written: 0xFD272003
MAP_PAGE: v=0x20273000 p=0xFD273000 f=0x00000003
  PTE written: 0xFD273003
MAP_PAGE: v=0x20274000 p=0xFD274000 f=0x00000003
  PTE written: 0xFD274003
MAP_PAGE: v=0x20275000 p=0xFD275000 f=0x00000003
  PTE written: 0xFD275003
MAP_PAGE: v=0x20276000 p=0xFD276000 f=0x00000003
  PTE written: 0xFD276003
MAP_PAGE: v=0x20277000 p=0xFD277000 f=0x00000003
  PTE written: 0xFD277003
MAP_PAGE: v=0x20278000 p=0xFD278000 f=0x00000003
  PTE written: 0xFD278003
MAP_PAGE: v=0x20279000 p=0xFD279000 f=0x00000003
  PTE written: 0xFD279003
MAP_PAGE: v=0x2027A000 p=0xFD27A000 f=0x00000003
  PTE written: 0xFD27A003
MAP_PAGE: v=0x2027B000 p=0xFD27B000 f=0x00000003
  PTE written: 0xFD27B003
MAP_PAGE: v=0x2027C000 p=0xFD27C000 f=0x00000003
  PTE written: 0xFD27C003
MAP_PAGE: v=0x2027D000 p=0xFD27D000 f=0x00000003
  PTE written: 0xFD27D003
MAP_PAGE: v=0x2027E000 p=0xFD27E000 f=0x00000003
  PTE written: 0xFD27E003
MAP_PAGE: v=0x2027F000 p=0xFD27F000 f=0x00000003
  PTE written: 0xFD27F003
MAP_PAGE: v=0x20280000 p=0xFD280000 f=0x00000003
  PTE written: 0xFD280003
MAP_PAGE: v=0x20281000 p=0xFD281000 f=0x00000003
  PTE written: 0xFD281003
MAP_PAGE: v=0x20282000 p=0xFD282000 f=0x00000003
  PTE written: 0xFD282003
MAP_PAGE: v=0x20283000 p=0xFD283000 f=0x00000003
  PTE written: 0xFD283003
MAP_PAGE: v=0x20284000 p=0xFD284000 f=0x00000003
  PTE written: 0xFD284003
MAP_PAGE: v=0x20285000 p=0xFD285000 f=0x00000003
  PTE written: 0xFD285003
MAP_PAGE: v=0x20286000 p=0xFD286000 f=0x00000003
  PTE written: 0xFD286003
MAP_PAGE: v=0x20287000 p=0xFD287000 f=0x00000003
  PTE written: 0xFD287003
MAP_PAGE: v=0x20288000 p=0xFD288000 f=0x00000003
  PTE written: 0xFD288003
MAP_PAGE: v=0x20289000 p=0xFD289000 f=0x00000003
  PTE written: 0xFD289003
MAP_PAGE: v=0x2028A000 p=0xFD28A000 f=0x00000003
  PTE written: 0xFD28A003
MAP_PAGE: v=0x2028B000 p=0xFD28B000 f=0x00000003
  PTE written: 0xFD28B003
MAP_PAGE: v=0x2028C000 p=0xFD28C000 f=0x00000003
  PTE written: 0xFD28C003
MAP_PAGE: v=0x2028D000 p=0xFD28D000 f=0x00000003
  PTE written: 0xFD28D003
MAP_PAGE: v=0x2028E000 p=0xFD28E000 f=0x00000003
  PTE written: 0xFD28E003
MAP_PAGE: v=0x2028F000 p=0xFD28F000 f=0x00000003
  PTE written: 0xFD28F003
MAP_PAGE: v=0x20290000 p=0xFD290000 f=0x00000003
  PTE written: 0xFD290003
MAP_PAGE: v=0x20291000 p=0xFD291000 f=0x00000003
  PTE written: 0xFD291003
MAP_PAGE: v=0x20292000 p=0xFD292000 f=0x00000003
  PTE written: 0xFD292003
MAP_PAGE: v=0x20293000 p=0xFD293000 f=0x00000003
  PTE written: 0xFD293003
MAP_PAGE: v=0x20294000 p=0xFD294000 f=0x00000003
  PTE written: 0xFD294003
MAP_PAGE: v=0x20295000 p=0xFD295000 f=0x00000003
  PTE written: 0xFD295003
MAP_PAGE: v=0x20296000 p=0xFD296000 f=0x00000003
  PTE written: 0xFD296003
MAP_PAGE: v=0x20297000 p=0xFD297000 f=0x00000003
  PTE written: 0xFD297003
MAP_PAGE: v=0x20298000 p=0xFD298000 f=0x00000003
  PTE written: 0xFD298003
MAP_PAGE: v=0x20299000 p=0xFD299000 f=0x00000003
  PTE written: 0xFD299003
MAP_PAGE: v=0x2029A000 p=0xFD29A000 f=0x00000003
  PTE written: 0xFD29A003
MAP_PAGE: v=0x2029B000 p=0xFD29B000 f=0x00000003
  PTE written: 0xFD29B003
MAP_PAGE: v=0x2029C000 p=0xFD29C000 f=0x00000003
  PTE written: 0xFD29C003
MAP_PAGE: v=0x2029D000 p=0xFD29D000 f=0x00000003
  PTE written: 0xFD29D003
MAP_PAGE: v=0x2029E000 p=0xFD29E000 f=0x00000003
  PTE written: 0xFD29E003
MAP_PAGE: v=0x2029F000 p=0xFD29F000 f=0x00000003
  PTE written: 0xFD29F003
MAP_PAGE: v=0x202A0000 p=0xFD2A0000 f=0x00000003
  PTE written: 0xFD2A0003
MAP_PAGE: v=0x202A1000 p=0xFD2A1000 f=0x00000003
  PTE written: 0xFD2A1003
MAP_PAGE: v=0x202A2000 p=0xFD2A2000 f=0x00000003
  PTE written: 0xFD2A2003
MAP_PAGE: v=0x202A3000 p=0xFD2A3000 f=0x00000003
  PTE written: 0xFD2A3003
MAP_PAGE: v=0x202A4000 p=0xFD2A4000 f=0x00000003
  PTE written: 0xFD2A4003
MAP_PAGE: v=0x202A5000 p=0xFD2A5000 f=0x00000003
  PTE written: 0xFD2A5003
MAP_PAGE: v=0x202A6000 p=0xFD2A6000 f=0x00000003
  PTE written: 0xFD2A6003
MAP_PAGE: v=0x202A7000 p=0xFD2A7000 f=0x00000003
  PTE written: 0xFD2A7003
MAP_PAGE: v=0x202A8000 p=0xFD2A8000 f=0x00000003
  PTE written: 0xFD2A8003
MAP_PAGE: v=0x202A9000 p=0xFD2A9000 f=0x00000003
  PTE written: 0xFD2A9003
MAP_PAGE: v=0x202AA000 p=0xFD2AA000 f=0x00000003
  PTE written: 0xFD2AA003
MAP_PAGE: v=0x202AB000 p=0xFD2AB000 f=0x00000003
  PTE written: 0xFD2AB003
MAP_PAGE: v=0x202AC000 p=0xFD2AC000 f=0x00000003
  PTE written: 0xFD2AC003
MAP_PAGE: v=0x202AD000 p=0xFD2AD000 f=0x00000003
  PTE written: 0xFD2AD003
MAP_PAGE: v=0x202AE000 p=0xFD2AE000 f=0x00000003
  PTE written: 0xFD2AE003
MAP_PAGE: v=0x202AF000 p=0xFD2AF000 f=0x00000003
  PTE written: 0xFD2AF003
MAP_PAGE: v=0x202B0000 p=0xFD2B0000 f=0x00000003
  PTE written: 0xFD2B0003
MAP_PAGE: v=0x202B1000 p=0xFD2B1000 f=0x00000003
  PTE written: 0xFD2B1003
MAP_PAGE: v=0x202B2000 p=0xFD2B2000 f=0x00000003
  PTE written: 0xFD2B2003
MAP_PAGE: v=0x202B3000 p=0xFD2B3000 f=0x00000003
  PTE written: 0xFD2B3003
MAP_PAGE: v=0x202B4000 p=0xFD2B4000 f=0x00000003
  PTE written: 0xFD2B4003
MAP_PAGE: v=0x202B5000 p=0xFD2B5000 f=0x00000003
  PTE written: 0xFD2B5003
MAP_PAGE: v=0x202B6000 p=0xFD2B6000 f=0x00000003
  PTE written: 0xFD2B6003
MAP_PAGE: v=0x202B7000 p=0xFD2B7000 f=0x00000003
  PTE written: 0xFD2B7003
MAP_PAGE: v=0x202B8000 p=0xFD2B8000 f=0x00000003
  PTE written: 0xFD2B8003
MAP_PAGE: v=0x202B9000 p=0xFD2B9000 f=0x00000003
  PTE written: 0xFD2B9003
MAP_PAGE: v=0x202BA000 p=0xFD2BA000 f=0x00000003
  PTE written: 0xFD2BA003
MAP_PAGE: v=0x202BB000 p=0xFD2BB000 f=0x00000003
  PTE written: 0xFD2BB003
MAP_PAGE: v=0x202BC000 p=0xFD2BC000 f=0x00000003
  PTE written: 0xFD2BC003
MAP_PAGE: v=0x202BD000 p=0xFD2BD000 f=0x00000003
  PTE written: 0xFD2BD003
MAP_PAGE: v=0x202BE000 p=0xFD2BE000 f=0x00000003
  PTE written: 0xFD2BE003
MAP_PAGE: v=0x202BF000 p=0xFD2BF000 f=0x00000003
  PTE written: 0xFD2BF003
MAP_PAGE: v=0x202C0000 p=0xFD2C0000 f=0x00000003
  PTE written: 0xFD2C0003
MAP_PAGE: v=0x202C1000 p=0xFD2C1000 f=0x00000003
  PTE written: 0xFD2C1003
MAP_PAGE: v=0x202C2000 p=0xFD2C2000 f=0x00000003
  PTE written: 0xFD2C2003
MAP_PAGE: v=0x202C3000 p=0xFD2C3000 f=0x00000003
  PTE written: 0xFD2C3003
MAP_PAGE: v=0x202C4000 p=0xFD2C4000 f=0x00000003
  PTE written: 0xFD2C4003
MAP_PAGE: v=0x202C5000 p=0xFD2C5000 f=0x00000003
  PTE written: 0xFD2C5003
MAP_PAGE: v=0x202C6000 p=0xFD2C6000 f=0x00000003
  PTE written: 0xFD2C6003
MAP_PAGE: v=0x202C7000 p=0xFD2C7000 f=0x00000003
  PTE written: 0xFD2C7003
MAP_PAGE: v=0x202C8000 p=0xFD2C8000 f=0x00000003
  PTE written: 0xFD2C8003
MAP_PAGE: v=0x202C9000 p=0xFD2C9000 f=0x00000003
  PTE written: 0xFD2C9003
MAP_PAGE: v=0x202CA000 p=0xFD2CA000 f=0x00000003
  PTE written: 0xFD2CA003
MAP_PAGE: v=0x202CB000 p=0xFD2CB000 f=0x00000003
  PTE written: 0xFD2CB003
MAP_PAGE: v=0x202CC000 p=0xFD2CC000 f=0x00000003
  PTE written: 0xFD2CC003
MAP_PAGE: v=0x202CD000 p=0xFD2CD000 f=0x00000003
  PTE written: 0xFD2CD003
MAP_PAGE: v=0x202CE000 p=0xFD2CE000 f=0x00000003
  PTE written: 0xFD2CE003
MAP_PAGE: v=0x202CF000 p=0xFD2CF000 f=0x00000003
  PTE written: 0xFD2CF003
MAP_PAGE: v=0x202D0000 p=0xFD2D0000 f=0x00000003
  PTE written: 0xFD2D0003
MAP_PAGE: v=0x202D1000 p=0xFD2D1000 f=0x00000003
  PTE written: 0xFD2D1003
MAP_PAGE: v=0x202D2000 p=0xFD2D2000 f=0x00000003
  PTE written: 0xFD2D2003
MAP_PAGE: v=0x202D3000 p=0xFD2D3000 f=0x00000003
  PTE written: 0xFD2D3003
MAP_PAGE: v=0x202D4000 p=0xFD2D4000 f=0x00000003
  PTE written: 0xFD2D4003
MAP_PAGE: v=0x202D5000 p=0xFD2D5000 f=0x00000003
  PTE written: 0xFD2D5003
MAP_PAGE: v=0x202D6000 p=0xFD2D6000 f=0x00000003
  PTE written: 0xFD2D6003
MAP_PAGE: v=0x202D7000 p=0xFD2D7000 f=0x00000003
  PTE written: 0xFD2D7003
MAP_PAGE: v=0x202D8000 p=0xFD2D8000 f=0x00000003
  PTE written: 0xFD2D8003
MAP_PAGE: v=0x202D9000 p=0xFD2D9000 f=0x00000003
  PTE written: 0xFD2D9003
MAP_PAGE: v=0x202DA000 p=0xFD2DA000 f=0x00000003
  PTE written: 0xFD2DA003
MAP_PAGE: v=0x202DB000 p=0xFD2DB000 f=0x00000003
  PTE written: 0xFD2DB003
MAP_PAGE: v=0x202DC000 p=0xFD2DC000 f=0x00000003
  PTE written: 0xFD2DC003
MAP_PAGE: v=0x202DD000 p=0xFD2DD000 f=0x00000003
  PTE written: 0xFD2DD003
MAP_PAGE: v=0x202DE000 p=0xFD2DE000 f=0x00000003
  PTE written: 0xFD2DE003
MAP_PAGE: v=0x202DF000 p=0xFD2DF000 f=0x00000003
  PTE written: 0xFD2DF003
MAP_PAGE: v=0x202E0000 p=0xFD2E0000 f=0x00000003
  PTE written: 0xFD2E0003
MAP_PAGE: v=0x202E1000 p=0xFD2E1000 f=0x00000003
  PTE written: 0xFD2E1003
MAP_PAGE: v=0x202E2000 p=0xFD2E2000 f=0x00000003
  PTE written: 0xFD2E2003
MAP_PAGE: v=0x202E3000 p=0xFD2E3000 f=0x00000003
  PTE written: 0xFD2E3003
MAP_PAGE: v=0x202E4000 p=0xFD2E4000 f=0x00000003
  PTE written: 0xFD2E4003
MAP_PAGE: v=0x202E5000 p=0xFD2E5000 f=0x00000003
  PTE written: 0xFD2E5003
MAP_PAGE: v=0x202E6000 p=0xFD2E6000 f=0x00000003
  PTE written: 0xFD2E6003
MAP_PAGE: v=0x202E7000 p=0xFD2E7000 f=0x00000003
  PTE written: 0xFD2E7003
MAP_PAGE: v=0x202E8000 p=0xFD2E8000 f=0x00000003
  PTE written: 0xFD2E8003
MAP_PAGE: v=0x202E9000 p=0xFD2E9000 f=0x00000003
  PTE written: 0xFD2E9003
MAP_PAGE: v=0x202EA000 p=0xFD2EA000 f=0x00000003
  PTE written: 0xFD2EA003
MAP_PAGE: v=0x202EB000 p=0xFD2EB000 f=0x00000003
  PTE written: 0xFD2EB003
MAP_PAGE: v=0x202EC000 p=0xFD2EC000 f=0x00000003
  PTE written: 0xFD2EC003
MAP_PAGE: v=0x202ED000 p=0xFD2ED000 f=0x00000003
  PTE written: 0xFD2ED003
MAP_PAGE: v=0x202EE000 p=0xFD2EE000 f=0x00000003
  PTE written: 0xFD2EE003
MAP_PAGE: v=0x202EF000 p=0xFD2EF000 f=0x00000003
  PTE written: 0xFD2EF003
MAP_PAGE: v=0x202F0000 p=0xFD2F0000 f=0x00000003
  PTE written: 0xFD2F0003
MAP_PAGE: v=0x202F1000 p=0xFD2F1000 f=0x00000003
  PTE written: 0xFD2F1003
MAP_PAGE: v=0x202F2000 p=0xFD2F2000 f=0x00000003
  PTE written: 0xFD2F2003
MAP_PAGE: v=0x202F3000 p=0xFD2F3000 f=0x00000003
  PTE written: 0xFD2F3003
MAP_PAGE: v=0x202F4000 p=0xFD2F4000 f=0x00000003
  PTE written: 0xFD2F4003
MAP_PAGE: v=0x202F5000 p=0xFD2F5000 f=0x00000003
  PTE written: 0xFD2F5003
MAP_PAGE: v=0x202F6000 p=0xFD2F6000 f=0x00000003
  PTE written: 0xFD2F6003
MAP_PAGE: v=0x202F7000 p=0xFD2F7000 f=0x00000003
  PTE written: 0xFD2F7003
MAP_PAGE: v=0x202F8000 p=0xFD2F8000 f=0x00000003
  PTE written: 0xFD2F8003
MAP_PAGE: v=0x202F9000 p=0xFD2F9000 f=0x00000003
  PTE written: 0xFD2F9003
MAP_PAGE: v=0x202FA000 p=0xFD2FA000 f=0x00000003
  PTE written: 0xFD2FA003
MAP_PAGE: v=0x202FB000 p=0xFD2FB000 f=0x00000003
  PTE written: 0xFD2FB003
MAP_PAGE: v=0x202FC000 p=0xFD2FC000 f=0x00000003
  PTE written: 0xFD2FC003
MAP_PAGE: v=0x202FD000 p=0xFD2FD000 f=0x00000003
  PTE written: 0xFD2FD003
MAP_PAGE: v=0x202FE000 p=0xFD2FE000 f=0x00000003
  PTE written: 0xFD2FE003
MAP_PAGE: v=0x202FF000 p=0xFD2FF000 f=0x00000003
  PTE written: 0xFD2FF003
MAP_PAGE: v=0x20300000 p=0xFD300000 f=0x00000003
  PTE written: 0xFD300003
MAP_PAGE: v=0x20301000 p=0xFD301000 f=0x00000003
  PTE written: 0xFD301003
MAP_PAGE: v=0x20302000 p=0xFD302000 f=0x00000003
  PTE written: 0xFD302003
MAP_PAGE: v=0x20303000 p=0xFD303000 f=0x00000003
  PTE written: 0xFD303003
MAP_PAGE: v=0x20304000 p=0xFD304000 f=0x00000003
  PTE written: 0xFD304003
MAP_PAGE: v=0x20305000 p=0xFD305000 f=0x00000003
  PTE written: 0xFD305003
MAP_PAGE: v=0x20306000 p=0xFD306000 f=0x00000003
  PTE written: 0xFD306003
MAP_PAGE: v=0x20307000 p=0xFD307000 f=0x00000003
  PTE written: 0xFD307003
MAP_PAGE: v=0x20308000 p=0xFD308000 f=0x00000003
  PTE written: 0xFD308003
MAP_PAGE: v=0x20309000 p=0xFD309000 f=0x00000003
  PTE written: 0xFD309003
MAP_PAGE: v=0x2030A000 p=0xFD30A000 f=0x00000003
  PTE written: 0xFD30A003
MAP_PAGE: v=0x2030B000 p=0xFD30B000 f=0x00000003
  PTE written: 0xFD30B003
MAP_PAGE: v=0x2030C000 p=0xFD30C000 f=0x00000003
  PTE written: 0xFD30C003
MAP_PAGE: v=0x2030D000 p=0xFD30D000 f=0x00000003
  PTE written: 0xFD30D003
MAP_PAGE: v=0x2030E000 p=0xFD30E000 f=0x00000003
  PTE written: 0xFD30E003
MAP_PAGE: v=0x2030F000 p=0xFD30F000 f=0x00000003
  PTE written: 0xFD30F003
MAP_PAGE: v=0x20310000 p=0xFD310000 f=0x00000003
  PTE written: 0xFD310003
MAP_PAGE: v=0x20311000 p=0xFD311000 f=0x00000003
  PTE written: 0xFD311003
MAP_PAGE: v=0x20312000 p=0xFD312000 f=0x00000003
  PTE written: 0xFD312003
MAP_PAGE: v=0x20313000 p=0xFD313000 f=0x00000003
  PTE written: 0xFD313003
MAP_PAGE: v=0x20314000 p=0xFD314000 f=0x00000003
  PTE written: 0xFD314003
MAP_PAGE: v=0x20315000 p=0xFD315000 f=0x00000003
  PTE written: 0xFD315003
MAP_PAGE: v=0x20316000 p=0xFD316000 f=0x00000003
  PTE written: 0xFD316003
MAP_PAGE: v=0x20317000 p=0xFD317000 f=0x00000003
  PTE written: 0xFD317003
MAP_PAGE: v=0x20318000 p=0xFD318000 f=0x00000003
  PTE written: 0xFD318003
MAP_PAGE: v=0x20319000 p=0xFD319000 f=0x00000003
  PTE written: 0xFD319003
MAP_PAGE: v=0x2031A000 p=0xFD31A000 f=0x00000003
  PTE written: 0xFD31A003
MAP_PAGE: v=0x2031B000 p=0xFD31B000 f=0x00000003
  PTE written: 0xFD31B003
MAP_PAGE: v=0x2031C000 p=0xFD31C000 f=0x00000003
  PTE written: 0xFD31C003
MAP_PAGE: v=0x2031D000 p=0xFD31D000 f=0x00000003
  PTE written: 0xFD31D003
MAP_PAGE: v=0x2031E000 p=0xFD31E000 f=0x00000003
  PTE written: 0xFD31E003
MAP_PAGE: v=0x2031F000 p=0xFD31F000 f=0x00000003
  PTE written: 0xFD31F003
MAP_PAGE: v=0x20320000 p=0xFD320000 f=0x00000003
  PTE written: 0xFD320003
MAP_PAGE: v=0x20321000 p=0xFD321000 f=0x00000003
  PTE written: 0xFD321003
MAP_PAGE: v=0x20322000 p=0xFD322000 f=0x00000003
  PTE written: 0xFD322003
MAP_PAGE: v=0x20323000 p=0xFD323000 f=0x00000003
  PTE written: 0xFD323003
MAP_PAGE: v=0x20324000 p=0xFD324000 f=0x00000003
  PTE written: 0xFD324003
MAP_PAGE: v=0x20325000 p=0xFD325000 f=0x00000003
  PTE written: 0xFD325003
MAP_PAGE: v=0x20326000 p=0xFD326000 f=0x00000003
  PTE written: 0xFD326003
MAP_PAGE: v=0x20327000 p=0xFD327000 f=0x00000003
  PTE written: 0xFD327003
MAP_PAGE: v=0x20328000 p=0xFD328000 f=0x00000003
  PTE written: 0xFD328003
MAP_PAGE: v=0x20329000 p=0xFD329000 f=0x00000003
  PTE written: 0xFD329003
MAP_PAGE: v=0x2032A000 p=0xFD32A000 f=0x00000003
  PTE written: 0xFD32A003
MAP_PAGE: v=0x2032B000 p=0xFD32B000 f=0x00000003
  PTE written: 0xFD32B003
MAP_PAGE: v=0x2032C000 p=0xFD32C000 f=0x00000003
  PTE written: 0xFD32C003
MAP_PAGE: v=0x2032D000 p=0xFD32D000 f=0x00000003
  PTE written: 0xFD32D003
MAP_PAGE: v=0x2032E000 p=0xFD32E000 f=0x00000003
  PTE written: 0xFD32E003
MAP_PAGE: v=0x2032F000 p=0xFD32F000 f=0x00000003
  PTE written: 0xFD32F003
MAP_PAGE: v=0x20330000 p=0xFD330000 f=0x00000003
  PTE written: 0xFD330003
MAP_PAGE: v=0x20331000 p=0xFD331000 f=0x00000003
  PTE written: 0xFD331003
MAP_PAGE: v=0x20332000 p=0xFD332000 f=0x00000003
  PTE written: 0xFD332003
MAP_PAGE: v=0x20333000 p=0xFD333000 f=0x00000003
  PTE written: 0xFD333003
MAP_PAGE: v=0x20334000 p=0xFD334000 f=0x00000003
  PTE written: 0xFD334003
MAP_PAGE: v=0x20335000 p=0xFD335000 f=0x00000003
  PTE written: 0xFD335003
MAP_PAGE: v=0x20336000 p=0xFD336000 f=0x00000003
  PTE written: 0xFD336003
MAP_PAGE: v=0x20337000 p=0xFD337000 f=0x00000003
  PTE written: 0xFD337003
MAP_PAGE: v=0x20338000 p=0xFD338000 f=0x00000003
  PTE written: 0xFD338003
MAP_PAGE: v=0x20339000 p=0xFD339000 f=0x00000003
  PTE written: 0xFD339003
MAP_PAGE: v=0x2033A000 p=0xFD33A000 f=0x00000003
  PTE written: 0xFD33A003
MAP_PAGE: v=0x2033B000 p=0xFD33B000 f=0x00000003
  PTE written: 0xFD33B003
MAP_PAGE: v=0x2033C000 p=0xFD33C000 f=0x00000003
  PTE written: 0xFD33C003
MAP_PAGE: v=0x2033D000 p=0xFD33D000 f=0x00000003
  PTE written: 0xFD33D003
MAP_PAGE: v=0x2033E000 p=0xFD33E000 f=0x00000003
  PTE written: 0xFD33E003
MAP_PAGE: v=0x2033F000 p=0xFD33F000 f=0x00000003
  PTE written: 0xFD33F003
MAP_PAGE: v=0x20340000 p=0xFD340000 f=0x00000003
  PTE written: 0xFD340003
MAP_PAGE: v=0x20341000 p=0xFD341000 f=0x00000003
  PTE written: 0xFD341003
MAP_PAGE: v=0x20342000 p=0xFD342000 f=0x00000003
  PTE written: 0xFD342003
MAP_PAGE: v=0x20343000 p=0xFD343000 f=0x00000003
  PTE written: 0xFD343003
MAP_PAGE: v=0x20344000 p=0xFD344000 f=0x00000003
  PTE written: 0xFD344003
MAP_PAGE: v=0x20345000 p=0xFD345000 f=0x00000003
  PTE written: 0xFD345003
MAP_PAGE: v=0x20346000 p=0xFD346000 f=0x00000003
  PTE written: 0xFD346003
MAP_PAGE: v=0x20347000 p=0xFD347000 f=0x00000003
  PTE written: 0xFD347003
MAP_PAGE: v=0x20348000 p=0xFD348000 f=0x00000003
  PTE written: 0xFD348003
MAP_PAGE: v=0x20349000 p=0xFD349000 f=0x00000003
  PTE written: 0xFD349003
MAP_PAGE: v=0x2034A000 p=0xFD34A000 f=0x00000003
  PTE written: 0xFD34A003
MAP_PAGE: v=0x2034B000 p=0xFD34B000 f=0x00000003
  PTE written: 0xFD34B003
MAP_PAGE: v=0x2034C000 p=0xFD34C000 f=0x00000003
  PTE written: 0xFD34C003
MAP_PAGE: v=0x2034D000 p=0xFD34D000 f=0x00000003
  PTE written: 0xFD34D003
MAP_PAGE: v=0x2034E000 p=0xFD34E000 f=0x00000003
  PTE written: 0xFD34E003
MAP_PAGE: v=0x2034F000 p=0xFD34F000 f=0x00000003
  PTE written: 0xFD34F003
MAP_PAGE: v=0x20350000 p=0xFD350000 f=0x00000003
  PTE written: 0xFD350003
MAP_PAGE: v=0x20351000 p=0xFD351000 f=0x00000003
  PTE written: 0xFD351003
MAP_PAGE: v=0x20352000 p=0xFD352000 f=0x00000003
  PTE written: 0xFD352003
MAP_PAGE: v=0x20353000 p=0xFD353000 f=0x00000003
  PTE written: 0xFD353003
MAP_PAGE: v=0x20354000 p=0xFD354000 f=0x00000003
  PTE written: 0xFD354003
MAP_PAGE: v=0x20355000 p=0xFD355000 f=0x00000003
  PTE written: 0xFD355003
MAP_PAGE: v=0x20356000 p=0xFD356000 f=0x00000003
  PTE written: 0xFD356003
MAP_PAGE: v=0x20357000 p=0xFD357000 f=0x00000003
  PTE written: 0xFD357003
MAP_PAGE: v=0x20358000 p=0xFD358000 f=0x00000003
  PTE written: 0xFD358003
MAP_PAGE: v=0x20359000 p=0xFD359000 f=0x00000003
  PTE written: 0xFD359003
MAP_PAGE: v=0x2035A000 p=0xFD35A000 f=0x00000003
  PTE written: 0xFD35A003
MAP_PAGE: v=0x2035B000 p=0xFD35B000 f=0x00000003
  PTE written: 0xFD35B003
MAP_PAGE: v=0x2035C000 p=0xFD35C000 f=0x00000003
  PTE written: 0xFD35C003
MAP_PAGE: v=0x2035D000 p=0xFD35D000 f=0x00000003
  PTE written: 0xFD35D003
MAP_PAGE: v=0x2035E000 p=0xFD35E000 f=0x00000003
  PTE written: 0xFD35E003
MAP_PAGE: v=0x2035F000 p=0xFD35F000 f=0x00000003
  PTE written: 0xFD35F003
MAP_PAGE: v=0x20360000 p=0xFD360000 f=0x00000003
  PTE written: 0xFD360003
MAP_PAGE: v=0x20361000 p=0xFD361000 f=0x00000003
  PTE written: 0xFD361003
MAP_PAGE: v=0x20362000 p=0xFD362000 f=0x00000003
  PTE written: 0xFD362003
MAP_PAGE: v=0x20363000 p=0xFD363000 f=0x00000003
  PTE written: 0xFD363003
MAP_PAGE: v=0x20364000 p=0xFD364000 f=0x00000003
  PTE written: 0xFD364003
MAP_PAGE: v=0x20365000 p=0xFD365000 f=0x00000003
  PTE written: 0xFD365003
MAP_PAGE: v=0x20366000 p=0xFD366000 f=0x00000003
  PTE written: 0xFD366003
MAP_PAGE: v=0x20367000 p=0xFD367000 f=0x00000003
  PTE written: 0xFD367003
MAP_PAGE: v=0x20368000 p=0xFD368000 f=0x00000003
  PTE written: 0xFD368003
MAP_PAGE: v=0x20369000 p=0xFD369000 f=0x00000003
  PTE written: 0xFD369003
MAP_PAGE: v=0x2036A000 p=0xFD36A000 f=0x00000003
  PTE written: 0xFD36A003
MAP_PAGE: v=0x2036B000 p=0xFD36B000 f=0x00000003
  PTE written: 0xFD36B003
MAP_PAGE: v=0x2036C000 p=0xFD36C000 f=0x00000003
  PTE written: 0xFD36C003
MAP_PAGE: v=0x2036D000 p=0xFD36D000 f=0x00000003
  PTE written: 0xFD36D003
MAP_PAGE: v=0x2036E000 p=0xFD36E000 f=0x00000003
  PTE written: 0xFD36E003
MAP_PAGE: v=0x2036F000 p=0xFD36F000 f=0x00000003
  PTE written: 0xFD36F003
MAP_PAGE: v=0x20370000 p=0xFD370000 f=0x00000003
  PTE written: 0xFD370003
MAP_PAGE: v=0x20371000 p=0xFD371000 f=0x00000003
  PTE written: 0xFD371003
MAP_PAGE: v=0x20372000 p=0xFD372000 f=0x00000003
  PTE written: 0xFD372003
MAP_PAGE: v=0x20373000 p=0xFD373000 f=0x00000003
  PTE written: 0xFD373003
MAP_PAGE: v=0x20374000 p=0xFD374000 f=0x00000003
  PTE written: 0xFD374003
MAP_PAGE: v=0x20375000 p=0xFD375000 f=0x00000003
  PTE written: 0xFD375003
MAP_PAGE: v=0x20376000 p=0xFD376000 f=0x00000003
  PTE written: 0xFD376003
MAP_PAGE: v=0x20377000 p=0xFD377000 f=0x00000003
  PTE written: 0xFD377003
MAP_PAGE: v=0x20378000 p=0xFD378000 f=0x00000003
  PTE written: 0xFD378003
MAP_PAGE: v=0x20379000 p=0xFD379000 f=0x00000003
  PTE written: 0xFD379003
MAP_PAGE: v=0x2037A000 p=0xFD37A000 f=0x00000003
  PTE written: 0xFD37A003
MAP_PAGE: v=0x2037B000 p=0xFD37B000 f=0x00000003
  PTE written: 0xFD37B003
MAP_PAGE: v=0x2037C000 p=0xFD37C000 f=0x00000003
  PTE written: 0xFD37C003
MAP_PAGE: v=0x2037D000 p=0xFD37D000 f=0x00000003
  PTE written: 0xFD37D003
MAP_PAGE: v=0x2037E000 p=0xFD37E000 f=0x00000003
  PTE written: 0xFD37E003
MAP_PAGE: v=0x2037F000 p=0xFD37F000 f=0x00000003
  PTE written: 0xFD37F003
MAP_PAGE: v=0x20380000 p=0xFD380000 f=0x00000003
  PTE written: 0xFD380003
MAP_PAGE: v=0x20381000 p=0xFD381000 f=0x00000003
  PTE written: 0xFD381003
MAP_PAGE: v=0x20382000 p=0xFD382000 f=0x00000003
  PTE written: 0xFD382003
MAP_PAGE: v=0x20383000 p=0xFD383000 f=0x00000003
  PTE written: 0xFD383003
MAP_PAGE: v=0x20384000 p=0xFD384000 f=0x00000003
  PTE written: 0xFD384003
MAP_PAGE: v=0x20385000 p=0xFD385000 f=0x00000003
  PTE written: 0xFD385003
MAP_PAGE: v=0x20386000 p=0xFD386000 f=0x00000003
  PTE written: 0xFD386003
MAP_PAGE: v=0x20387000 p=0xFD387000 f=0x00000003
  PTE written: 0xFD387003
MAP_PAGE: v=0x20388000 p=0xFD388000 f=0x00000003
  PTE written: 0xFD388003
MAP_PAGE: v=0x20389000 p=0xFD389000 f=0x00000003
  PTE written: 0xFD389003
MAP_PAGE: v=0x2038A000 p=0xFD38A000 f=0x00000003
  PTE written: 0xFD38A003
MAP_PAGE: v=0x2038B000 p=0xFD38B000 f=0x00000003
  PTE written: 0xFD38B003
MAP_PAGE: v=0x2038C000 p=0xFD38C000 f=0x00000003
  PTE written: 0xFD38C003
MAP_PAGE: v=0x2038D000 p=0xFD38D000 f=0x00000003
  PTE written: 0xFD38D003
MAP_PAGE: v=0x2038E000 p=0xFD38E000 f=0x00000003
  PTE written: 0xFD38E003
MAP_PAGE: v=0x2038F000 p=0xFD38F000 f=0x00000003
  PTE written: 0xFD38F003
MAP_PAGE: v=0x20390000 p=0xFD390000 f=0x00000003
  PTE written: 0xFD390003
MAP_PAGE: v=0x20391000 p=0xFD391000 f=0x00000003
  PTE written: 0xFD391003
MAP_PAGE: v=0x20392000 p=0xFD392000 f=0x00000003
  PTE written: 0xFD392003
MAP_PAGE: v=0x20393000 p=0xFD393000 f=0x00000003
  PTE written: 0xFD393003
MAP_PAGE: v=0x20394000 p=0xFD394000 f=0x00000003
  PTE written: 0xFD394003
MAP_PAGE: v=0x20395000 p=0xFD395000 f=0x00000003
  PTE written: 0xFD395003
MAP_PAGE: v=0x20396000 p=0xFD396000 f=0x00000003
  PTE written: 0xFD396003
MAP_PAGE: v=0x20397000 p=0xFD397000 f=0x00000003
  PTE written: 0xFD397003
MAP_PAGE: v=0x20398000 p=0xFD398000 f=0x00000003
  PTE written: 0xFD398003
MAP_PAGE: v=0x20399000 p=0xFD399000 f=0x00000003
  PTE written: 0xFD399003
MAP_PAGE: v=0x2039A000 p=0xFD39A000 f=0x00000003
  PTE written: 0xFD39A003
MAP_PAGE: v=0x2039B000 p=0xFD39B000 f=0x00000003
  PTE written: 0xFD39B003
MAP_PAGE: v=0x2039C000 p=0xFD39C000 f=0x00000003
  PTE written: 0xFD39C003
MAP_PAGE: v=0x2039D000 p=0xFD39D000 f=0x00000003
  PTE written: 0xFD39D003
MAP_PAGE: v=0x2039E000 p=0xFD39E000 f=0x00000003
  PTE written: 0xFD39E003
MAP_PAGE: v=0x2039F000 p=0xFD39F000 f=0x00000003
  PTE written: 0xFD39F003
MAP_PAGE: v=0x203A0000 p=0xFD3A0000 f=0x00000003
  PTE written: 0xFD3A0003
MAP_PAGE: v=0x203A1000 p=0xFD3A1000 f=0x00000003
  PTE written: 0xFD3A1003
MAP_PAGE: v=0x203A2000 p=0xFD3A2000 f=0x00000003
  PTE written: 0xFD3A2003
MAP_PAGE: v=0x203A3000 p=0xFD3A3000 f=0x00000003
  PTE written: 0xFD3A3003
MAP_PAGE: v=0x203A4000 p=0xFD3A4000 f=0x00000003
  PTE written: 0xFD3A4003
MAP_PAGE: v=0x203A5000 p=0xFD3A5000 f=0x00000003
  PTE written: 0xFD3A5003
MAP_PAGE: v=0x203A6000 p=0xFD3A6000 f=0x00000003
  PTE written: 0xFD3A6003
MAP_PAGE: v=0x203A7000 p=0xFD3A7000 f=0x00000003
  PTE written: 0xFD3A7003
MAP_PAGE: v=0x203A8000 p=0xFD3A8000 f=0x00000003
  PTE written: 0xFD3A8003
MAP_PAGE: v=0x203A9000 p=0xFD3A9000 f=0x00000003
  PTE written: 0xFD3A9003
MAP_PAGE: v=0x203AA000 p=0xFD3AA000 f=0x00000003
  PTE written: 0xFD3AA003
MAP_PAGE: v=0x203AB000 p=0xFD3AB000 f=0x00000003
  PTE written: 0xFD3AB003
MAP_PAGE: v=0x203AC000 p=0xFD3AC000 f=0x00000003
  PTE written: 0xFD3AC003
MAP_PAGE: v=0x203AD000 p=0xFD3AD000 f=0x00000003
  PTE written: 0xFD3AD003
MAP_PAGE: v=0x203AE000 p=0xFD3AE000 f=0x00000003
  PTE written: 0xFD3AE003
MAP_PAGE: v=0x203AF000 p=0xFD3AF000 f=0x00000003
  PTE written: 0xFD3AF003
MAP_PAGE: v=0x203B0000 p=0xFD3B0000 f=0x00000003
  PTE written: 0xFD3B0003
MAP_PAGE: v=0x203B1000 p=0xFD3B1000 f=0x00000003
  PTE written: 0xFD3B1003
MAP_PAGE: v=0x203B2000 p=0xFD3B2000 f=0x00000003
  PTE written: 0xFD3B2003
MAP_PAGE: v=0x203B3000 p=0xFD3B3000 f=0x00000003
  PTE written: 0xFD3B3003
MAP_PAGE: v=0x203B4000 p=0xFD3B4000 f=0x00000003
  PTE written: 0xFD3B4003
MAP_PAGE: v=0x203B5000 p=0xFD3B5000 f=0x00000003
  PTE written: 0xFD3B5003
MAP_PAGE: v=0x203B6000 p=0xFD3B6000 f=0x00000003
  PTE written: 0xFD3B6003
MAP_PAGE: v=0x203B7000 p=0xFD3B7000 f=0x00000003
  PTE written: 0xFD3B7003
MAP_PAGE: v=0x203B8000 p=0xFD3B8000 f=0x00000003
  PTE written: 0xFD3B8003
MAP_PAGE: v=0x203B9000 p=0xFD3B9000 f=0x00000003
  PTE written: 0xFD3B9003
MAP_PAGE: v=0x203BA000 p=0xFD3BA000 f=0x00000003
  PTE written: 0xFD3BA003
MAP_PAGE: v=0x203BB000 p=0xFD3BB000 f=0x00000003
  PTE written: 0xFD3BB003
MAP_PAGE: v=0x203BC000 p=0xFD3BC000 f=0x00000003
  PTE written: 0xFD3BC003
MAP_PAGE: v=0x203BD000 p=0xFD3BD000 f=0x00000003
  PTE written: 0xFD3BD003
MAP_PAGE: v=0x203BE000 p=0xFD3BE000 f=0x00000003
  PTE written: 0xFD3BE003
MAP_PAGE: v=0x203BF000 p=0xFD3BF000 f=0x00000003
  PTE written: 0xFD3BF003
MAP_PAGE: v=0x203C0000 p=0xFD3C0000 f=0x00000003
  PTE written: 0xFD3C0003
MAP_PAGE: v=0x203C1000 p=0xFD3C1000 f=0x00000003
  PTE written: 0xFD3C1003
MAP_PAGE: v=0x203C2000 p=0xFD3C2000 f=0x00000003
  PTE written: 0xFD3C2003
MAP_PAGE: v=0x203C3000 p=0xFD3C3000 f=0x00000003
  PTE written: 0xFD3C3003
MAP_PAGE: v=0x203C4000 p=0xFD3C4000 f=0x00000003
  PTE written: 0xFD3C4003
MAP_PAGE: v=0x203C5000 p=0xFD3C5000 f=0x00000003
  PTE written: 0xFD3C5003
MAP_PAGE: v=0x203C6000 p=0xFD3C6000 f=0x00000003
  PTE written: 0xFD3C6003
MAP_PAGE: v=0x203C7000 p=0xFD3C7000 f=0x00000003
  PTE written: 0xFD3C7003
MAP_PAGE: v=0x203C8000 p=0xFD3C8000 f=0x00000003
  PTE written: 0xFD3C8003
MAP_PAGE: v=0x203C9000 p=0xFD3C9000 f=0x00000003
  PTE written: 0xFD3C9003
MAP_PAGE: v=0x203CA000 p=0xFD3CA000 f=0x00000003
  PTE written: 0xFD3CA003
MAP_PAGE: v=0x203CB000 p=0xFD3CB000 f=0x00000003
  PTE written: 0xFD3CB003
MAP_PAGE: v=0x203CC000 p=0xFD3CC000 f=0x00000003
  PTE written: 0xFD3CC003
MAP_PAGE: v=0x203CD000 p=0xFD3CD000 f=0x00000003
  PTE written: 0xFD3CD003
MAP_PAGE: v=0x203CE000 p=0xFD3CE000 f=0x00000003
  PTE written: 0xFD3CE003
MAP_PAGE: v=0x203CF000 p=0xFD3CF000 f=0x00000003
  PTE written: 0xFD3CF003
MAP_PAGE: v=0x203D0000 p=0xFD3D0000 f=0x00000003
  PTE written: 0xFD3D0003
MAP_PAGE: v=0x203D1000 p=0xFD3D1000 f=0x00000003
  PTE written: 0xFD3D1003
MAP_PAGE: v=0x203D2000 p=0xFD3D2000 f=0x00000003
  PTE written: 0xFD3D2003
MAP_PAGE: v=0x203D3000 p=0xFD3D3000 f=0x00000003
  PTE written: 0xFD3D3003
MAP_PAGE: v=0x203D4000 p=0xFD3D4000 f=0x00000003
  PTE written: 0xFD3D4003
MAP_PAGE: v=0x203D5000 p=0xFD3D5000 f=0x00000003
  PTE written: 0xFD3D5003
MAP_PAGE: v=0x203D6000 p=0xFD3D6000 f=0x00000003
  PTE written: 0xFD3D6003
MAP_PAGE: v=0x203D7000 p=0xFD3D7000 f=0x00000003
  PTE written: 0xFD3D7003
MAP_PAGE: v=0x203D8000 p=0xFD3D8000 f=0x00000003
  PTE written: 0xFD3D8003
MAP_PAGE: v=0x203D9000 p=0xFD3D9000 f=0x00000003
  PTE written: 0xFD3D9003
MAP_PAGE: v=0x203DA000 p=0xFD3DA000 f=0x00000003
  PTE written: 0xFD3DA003
MAP_PAGE: v=0x203DB000 p=0xFD3DB000 f=0x00000003
  PTE written: 0xFD3DB003
MAP_PAGE: v=0x203DC000 p=0xFD3DC000 f=0x00000003
  PTE written: 0xFD3DC003
MAP_PAGE: v=0x203DD000 p=0xFD3DD000 f=0x00000003
  PTE written: 0xFD3DD003
MAP_PAGE: v=0x203DE000 p=0xFD3DE000 f=0x00000003
  PTE written: 0xFD3DE003
MAP_PAGE: v=0x203DF000 p=0xFD3DF000 f=0x00000003
  PTE written: 0xFD3DF003
MAP_PAGE: v=0x203E0000 p=0xFD3E0000 f=0x00000003
  PTE written: 0xFD3E0003
MAP_PAGE: v=0x203E1000 p=0xFD3E1000 f=0x00000003
  PTE written: 0xFD3E1003
MAP_PAGE: v=0x203E2000 p=0xFD3E2000 f=0x00000003
  PTE written: 0xFD3E2003
MAP_PAGE: v=0x203E3000 p=0xFD3E3000 f=0x00000003
  PTE written: 0xFD3E3003
MAP_PAGE: v=0x203E4000 p=0xFD3E4000 f=0x00000003
  PTE written: 0xFD3E4003
MAP_PAGE: v=0x203E5000 p=0xFD3E5000 f=0x00000003
  PTE written: 0xFD3E5003
MAP_PAGE: v=0x203E6000 p=0xFD3E6000 f=0x00000003
  PTE written: 0xFD3E6003
MAP_PAGE: v=0x203E7000 p=0xFD3E7000 f=0x00000003
  PTE written: 0xFD3E7003
MAP_PAGE: v=0x203E8000 p=0xFD3E8000 f=0x00000003
  PTE written: 0xFD3E8003
MAP_PAGE: v=0x203E9000 p=0xFD3E9000 f=0x00000003
  PTE written: 0xFD3E9003
MAP_PAGE: v=0x203EA000 p=0xFD3EA000 f=0x00000003
  PTE written: 0xFD3EA003
MAP_PAGE: v=0x203EB000 p=0xFD3EB000 f=0x00000003
  PTE written: 0xFD3EB003
MAP_PAGE: v=0x203EC000 p=0xFD3EC000 f=0x00000003
  PTE written: 0xFD3EC003
MAP_PAGE: v=0x203ED000 p=0xFD3ED000 f=0x00000003
  PTE written: 0xFD3ED003
MAP_PAGE: v=0x203EE000 p=0xFD3EE000 f=0x00000003
  PTE written: 0xFD3EE003
MAP_PAGE: v=0x203EF000 p=0xFD3EF000 f=0x00000003
  PTE written: 0xFD3EF003
MAP_PAGE: v=0x203F0000 p=0xFD3F0000 f=0x00000003
  PTE written: 0xFD3F0003
MAP_PAGE: v=0x203F1000 p=0xFD3F1000 f=0x00000003
  PTE written: 0xFD3F1003
MAP_PAGE: v=0x203F2000 p=0xFD3F2000 f=0x00000003
  PTE written: 0xFD3F2003
MAP_PAGE: v=0x203F3000 p=0xFD3F3000 f=0x00000003
  PTE written: 0xFD3F3003
MAP_PAGE: v=0x203F4000 p=0xFD3F4000 f=0x00000003
  PTE written: 0xFD3F4003
MAP_PAGE: v=0x203F5000 p=0xFD3F5000 f=0x00000003
  PTE written: 0xFD3F5003
MAP_PAGE: v=0x203F6000 p=0xFD3F6000 f=0x00000003
  PTE written: 0xFD3F6003
MAP_PAGE: v=0x203F7000 p=0xFD3F7000 f=0x00000003
  PTE written: 0xFD3F7003
MAP_PAGE: v=0x203F8000 p=0xFD3F8000 f=0x00000003
  PTE written: 0xFD3F8003
MAP_PAGE: v=0x203F9000 p=0xFD3F9000 f=0x00000003
  PTE written: 0xFD3F9003
MAP_PAGE: v=0x203FA000 p=0xFD3FA000 f=0x00000003
  PTE written: 0xFD3FA003
MAP_PAGE: v=0x203FB000 p=0xFD3FB000 f=0x00000003
  PTE written: 0xFD3FB003
MAP_PAGE: v=0x203FC000 p=0xFD3FC000 f=0x00000003
  PTE written: 0xFD3FC003
MAP_PAGE: v=0x203FD000 p=0xFD3FD000 f=0x00000003
  PTE written: 0xFD3FD003
MAP_PAGE: v=0x203FE000 p=0xFD3FE000 f=0x00000003
  PTE written: 0xFD3FE003
MAP_PAGE: v=0x203FF000 p=0xFD3FF000 f=0x00000003
  PTE written: 0xFD3FF003
MAP_PAGE: v=0x20400000 p=0xFD400000 f=0x00000003
  PTE written: 0xFD400003
MAP_PAGE: v=0x20401000 p=0xFD401000 f=0x00000003
  PTE written: 0xFD401003
MAP_PAGE: v=0x20402000 p=0xFD402000 f=0x00000003
  PTE written: 0xFD402003
MAP_PAGE: v=0x20403000 p=0xFD403000 f=0x00000003
  PTE written: 0xFD403003
MAP_PAGE: v=0x20404000 p=0xFD404000 f=0x00000003
  PTE written: 0xFD404003
MAP_PAGE: v=0x20405000 p=0xFD405000 f=0x00000003
  PTE written: 0xFD405003
MAP_PAGE: v=0x20406000 p=0xFD406000 f=0x00000003
  PTE written: 0xFD406003
MAP_PAGE: v=0x20407000 p=0xFD407000 f=0x00000003
  PTE written: 0xFD407003
MAP_PAGE: v=0x20408000 p=0xFD408000 f=0x00000003
  PTE written: 0xFD408003
MAP_PAGE: v=0x20409000 p=0xFD409000 f=0x00000003
  PTE written: 0xFD409003
MAP_PAGE: v=0x2040A000 p=0xFD40A000 f=0x00000003
  PTE written: 0xFD40A003
MAP_PAGE: v=0x2040B000 p=0xFD40B000 f=0x00000003
  PTE written: 0xFD40B003
MAP_PAGE: v=0x2040C000 p=0xFD40C000 f=0x00000003
  PTE written: 0xFD40C003
MAP_PAGE: v=0x2040D000 p=0xFD40D000 f=0x00000003
  PTE written: 0xFD40D003
MAP_PAGE: v=0x2040E000 p=0xFD40E000 f=0x00000003
  PTE written: 0xFD40E003
MAP_PAGE: v=0x2040F000 p=0xFD40F000 f=0x00000003
  PTE written: 0xFD40F003
MAP_PAGE: v=0x20410000 p=0xFD410000 f=0x00000003
  PTE written: 0xFD410003
MAP_PAGE: v=0x20411000 p=0xFD411000 f=0x00000003
  PTE written: 0xFD411003
MAP_PAGE: v=0x20412000 p=0xFD412000 f=0x00000003
  PTE written: 0xFD412003
MAP_PAGE: v=0x20413000 p=0xFD413000 f=0x00000003
  PTE written: 0xFD413003
MAP_PAGE: v=0x20414000 p=0xFD414000 f=0x00000003
  PTE written: 0xFD414003
MAP_PAGE: v=0x20415000 p=0xFD415000 f=0x00000003
  PTE written: 0xFD415003
MAP_PAGE: v=0x20416000 p=0xFD416000 f=0x00000003
  PTE written: 0xFD416003
MAP_PAGE: v=0x20417000 p=0xFD417000 f=0x00000003
  PTE written: 0xFD417003
MAP_PAGE: v=0x20418000 p=0xFD418000 f=0x00000003
  PTE written: 0xFD418003
MAP_PAGE: v=0x20419000 p=0xFD419000 f=0x00000003
  PTE written: 0xFD419003
MAP_PAGE: v=0x2041A000 p=0xFD41A000 f=0x00000003
  PTE written: 0xFD41A003
MAP_PAGE: v=0x2041B000 p=0xFD41B000 f=0x00000003
  PTE written: 0xFD41B003
MAP_PAGE: v=0x2041C000 p=0xFD41C000 f=0x00000003
  PTE written: 0xFD41C003
MAP_PAGE: v=0x2041D000 p=0xFD41D000 f=0x00000003
  PTE written: 0xFD41D003
MAP_PAGE: v=0x2041E000 p=0xFD41E000 f=0x00000003
  PTE written: 0xFD41E003
MAP_PAGE: v=0x2041F000 p=0xFD41F000 f=0x00000003
  PTE written: 0xFD41F003
MAP_PAGE: v=0x20420000 p=0xFD420000 f=0x00000003
  PTE written: 0xFD420003
MAP_PAGE: v=0x20421000 p=0xFD421000 f=0x00000003
  PTE written: 0xFD421003
MAP_PAGE: v=0x20422000 p=0xFD422000 f=0x00000003
  PTE written: 0xFD422003
MAP_PAGE: v=0x20423000 p=0xFD423000 f=0x00000003
  PTE written: 0xFD423003
MAP_PAGE: v=0x20424000 p=0xFD424000 f=0x00000003
  PTE written: 0xFD424003
MAP_PAGE: v=0x20425000 p=0xFD425000 f=0x00000003
  PTE written: 0xFD425003
MAP_PAGE: v=0x20426000 p=0xFD426000 f=0x00000003
  PTE written: 0xFD426003
MAP_PAGE: v=0x20427000 p=0xFD427000 f=0x00000003
  PTE written: 0xFD427003
MAP_PAGE: v=0x20428000 p=0xFD428000 f=0x00000003
  PTE written: 0xFD428003
MAP_PAGE: v=0x20429000 p=0xFD429000 f=0x00000003
  PTE written: 0xFD429003
MAP_PAGE: v=0x2042A000 p=0xFD42A000 f=0x00000003
  PTE written: 0xFD42A003
MAP_PAGE: v=0x2042B000 p=0xFD42B000 f=0x00000003
  PTE written: 0xFD42B003
MAP_PAGE: v=0x2042C000 p=0xFD42C000 f=0x00000003
  PTE written: 0xFD42C003
MAP_PAGE: v=0x2042D000 p=0xFD42D000 f=0x00000003
  PTE written: 0xFD42D003
MAP_PAGE: v=0x2042E000 p=0xFD42E000 f=0x00000003
  PTE written: 0xFD42E003
MAP_PAGE: v=0x2042F000 p=0xFD42F000 f=0x00000003
  PTE written: 0xFD42F003
MAP_PAGE: v=0x20430000 p=0xFD430000 f=0x00000003
  PTE written: 0xFD430003
MAP_PAGE: v=0x20431000 p=0xFD431000 f=0x00000003
  PTE written: 0xFD431003
MAP_PAGE: v=0x20432000 p=0xFD432000 f=0x00000003
  PTE written: 0xFD432003
MAP_PAGE: v=0x20433000 p=0xFD433000 f=0x00000003
  PTE written: 0xFD433003
MAP_PAGE: v=0x20434000 p=0xFD434000 f=0x00000003
  PTE written: 0xFD434003
MAP_PAGE: v=0x20435000 p=0xFD435000 f=0x00000003
  PTE written: 0xFD435003
MAP_PAGE: v=0x20436000 p=0xFD436000 f=0x00000003
  PTE written: 0xFD436003
MAP_PAGE: v=0x20437000 p=0xFD437000 f=0x00000003
  PTE written: 0xFD437003
MAP_PAGE: v=0x20438000 p=0xFD438000 f=0x00000003
  PTE written: 0xFD438003
MAP_PAGE: v=0x20439000 p=0xFD439000 f=0x00000003
  PTE written: 0xFD439003
MAP_PAGE: v=0x2043A000 p=0xFD43A000 f=0x00000003
  PTE written: 0xFD43A003
MAP_PAGE: v=0x2043B000 p=0xFD43B000 f=0x00000003
  PTE written: 0xFD43B003
MAP_PAGE: v=0x2043C000 p=0xFD43C000 f=0x00000003
  PTE written: 0xFD43C003
MAP_PAGE: v=0x2043D000 p=0xFD43D000 f=0x00000003
  PTE written: 0xFD43D003
MAP_PAGE: v=0x2043E000 p=0xFD43E000 f=0x00000003
  PTE written: 0xFD43E003
MAP_PAGE: v=0x2043F000 p=0xFD43F000 f=0x00000003
  PTE written: 0xFD43F003
MAP_PAGE: v=0x20440000 p=0xFD440000 f=0x00000003
  PTE written: 0xFD440003
MAP_PAGE: v=0x20441000 p=0xFD441000 f=0x00000003
  PTE written: 0xFD441003
MAP_PAGE: v=0x20442000 p=0xFD442000 f=0x00000003
  PTE written: 0xFD442003
MAP_PAGE: v=0x20443000 p=0xFD443000 f=0x00000003
  PTE written: 0xFD443003
MAP_PAGE: v=0x20444000 p=0xFD444000 f=0x00000003
  PTE written: 0xFD444003
MAP_PAGE: v=0x20445000 p=0xFD445000 f=0x00000003
  PTE written: 0xFD445003
MAP_PAGE: v=0x20446000 p=0xFD446000 f=0x00000003
  PTE written: 0xFD446003
MAP_PAGE: v=0x20447000 p=0xFD447000 f=0x00000003
  PTE written: 0xFD447003
MAP_PAGE: v=0x20448000 p=0xFD448000 f=0x00000003
  PTE written: 0xFD448003
MAP_PAGE: v=0x20449000 p=0xFD449000 f=0x00000003
  PTE written: 0xFD449003
MAP_PAGE: v=0x2044A000 p=0xFD44A000 f=0x00000003
  PTE written: 0xFD44A003
MAP_PAGE: v=0x2044B000 p=0xFD44B000 f=0x00000003
  PTE written: 0xFD44B003
MAP_PAGE: v=0x2044C000 p=0xFD44C000 f=0x00000003
  PTE written: 0xFD44C003
MAP_PAGE: v=0x2044D000 p=0xFD44D000 f=0x00000003
  PTE written: 0xFD44D003
MAP_PAGE: v=0x2044E000 p=0xFD44E000 f=0x00000003
  PTE written: 0xFD44E003
MAP_PAGE: v=0x2044F000 p=0xFD44F000 f=0x00000003
  PTE written: 0xFD44F003
MAP_PAGE: v=0x20450000 p=0xFD450000 f=0x00000003
  PTE written: 0xFD450003
MAP_PAGE: v=0x20451000 p=0xFD451000 f=0x00000003
  PTE written: 0xFD451003
MAP_PAGE: v=0x20452000 p=0xFD452000 f=0x00000003
  PTE written: 0xFD452003
MAP_PAGE: v=0x20453000 p=0xFD453000 f=0x00000003
  PTE written: 0xFD453003
MAP_PAGE: v=0x20454000 p=0xFD454000 f=0x00000003
  PTE written: 0xFD454003
MAP_PAGE: v=0x20455000 p=0xFD455000 f=0x00000003
  PTE written: 0xFD455003
MAP_PAGE: v=0x20456000 p=0xFD456000 f=0x00000003
  PTE written: 0xFD456003
MAP_PAGE: v=0x20457000 p=0xFD457000 f=0x00000003
  PTE written: 0xFD457003
MAP_PAGE: v=0x20458000 p=0xFD458000 f=0x00000003
  PTE written: 0xFD458003
MAP_PAGE: v=0x20459000 p=0xFD459000 f=0x00000003
  PTE written: 0xFD459003
MAP_PAGE: v=0x2045A000 p=0xFD45A000 f=0x00000003
  PTE written: 0xFD45A003
MAP_PAGE: v=0x2045B000 p=0xFD45B000 f=0x00000003
  PTE written: 0xFD45B003
MAP_PAGE: v=0x2045C000 p=0xFD45C000 f=0x00000003
  PTE written: 0xFD45C003
MAP_PAGE: v=0x2045D000 p=0xFD45D000 f=0x00000003
  PTE written: 0xFD45D003
MAP_PAGE: v=0x2045E000 p=0xFD45E000 f=0x00000003
  PTE written: 0xFD45E003
MAP_PAGE: v=0x2045F000 p=0xFD45F000 f=0x00000003
  PTE written: 0xFD45F003
MAP_PAGE: v=0x20460000 p=0xFD460000 f=0x00000003
  PTE written: 0xFD460003
MAP_PAGE: v=0x20461000 p=0xFD461000 f=0x00000003
  PTE written: 0xFD461003
MAP_PAGE: v=0x20462000 p=0xFD462000 f=0x00000003
  PTE written: 0xFD462003
MAP_PAGE: v=0x20463000 p=0xFD463000 f=0x00000003
  PTE written: 0xFD463003
MAP_PAGE: v=0x20464000 p=0xFD464000 f=0x00000003
  PTE written: 0xFD464003
MAP_PAGE: v=0x20465000 p=0xFD465000 f=0x00000003
  PTE written: 0xFD465003
MAP_PAGE: v=0x20466000 p=0xFD466000 f=0x00000003
  PTE written: 0xFD466003
MAP_PAGE: v=0x20467000 p=0xFD467000 f=0x00000003
  PTE written: 0xFD467003
MAP_PAGE: v=0x20468000 p=0xFD468000 f=0x00000003
  PTE written: 0xFD468003
MAP_PAGE: v=0x20469000 p=0xFD469000 f=0x00000003
  PTE written: 0xFD469003
MAP_PAGE: v=0x2046A000 p=0xFD46A000 f=0x00000003
  PTE written: 0xFD46A003
MAP_PAGE: v=0x2046B000 p=0xFD46B000 f=0x00000003
  PTE written: 0xFD46B003
MAP_PAGE: v=0x2046C000 p=0xFD46C000 f=0x00000003
  PTE written: 0xFD46C003
MAP_PAGE: v=0x2046D000 p=0xFD46D000 f=0x00000003
  PTE written: 0xFD46D003
MAP_PAGE: v=0x2046E000 p=0xFD46E000 f=0x00000003
  PTE written: 0xFD46E003
MAP_PAGE: v=0x2046F000 p=0xFD46F000 f=0x00000003
  PTE written: 0xFD46F003
MAP_PAGE: v=0x20470000 p=0xFD470000 f=0x00000003
  PTE written: 0xFD470003
MAP_PAGE: v=0x20471000 p=0xFD471000 f=0x00000003
  PTE written: 0xFD471003
MAP_PAGE: v=0x20472000 p=0xFD472000 f=0x00000003
  PTE written: 0xFD472003
MAP_PAGE: v=0x20473000 p=0xFD473000 f=0x00000003
  PTE written: 0xFD473003
MAP_PAGE: v=0x20474000 p=0xFD474000 f=0x00000003
  PTE written: 0xFD474003
MAP_PAGE: v=0x20475000 p=0xFD475000 f=0x00000003
  PTE written: 0xFD475003
MAP_PAGE: v=0x20476000 p=0xFD476000 f=0x00000003
  PTE written: 0xFD476003
MAP_PAGE: v=0x20477000 p=0xFD477000 f=0x00000003
  PTE written: 0xFD477003
MAP_PAGE: v=0x20478000 p=0xFD478000 f=0x00000003
  PTE written: 0xFD478003
MAP_PAGE: v=0x20479000 p=0xFD479000 f=0x00000003
  PTE written: 0xFD479003
MAP_PAGE: v=0x2047A000 p=0xFD47A000 f=0x00000003
  PTE written: 0xFD47A003
MAP_PAGE: v=0x2047B000 p=0xFD47B000 f=0x00000003
  PTE written: 0xFD47B003
MAP_PAGE: v=0x2047C000 p=0xFD47C000 f=0x00000003
  PTE written: 0xFD47C003
MAP_PAGE: v=0x2047D000 p=0xFD47D000 f=0x00000003
  PTE written: 0xFD47D003
MAP_PAGE: v=0x2047E000 p=0xFD47E000 f=0x00000003
  PTE written: 0xFD47E003
MAP_PAGE: v=0x2047F000 p=0xFD47F000 f=0x00000003
  PTE written: 0xFD47F003
MAP_PAGE: v=0x20480000 p=0xFD480000 f=0x00000003
  PTE written: 0xFD480003
MAP_PAGE: v=0x20481000 p=0xFD481000 f=0x00000003
  PTE written: 0xFD481003
MAP_PAGE: v=0x20482000 p=0xFD482000 f=0x00000003
  PTE written: 0xFD482003
MAP_PAGE: v=0x20483000 p=0xFD483000 f=0x00000003
  PTE written: 0xFD483003
MAP_PAGE: v=0x20484000 p=0xFD484000 f=0x00000003
  PTE written: 0xFD484003
MAP_PAGE: v=0x20485000 p=0xFD485000 f=0x00000003
  PTE written: 0xFD485003
MAP_PAGE: v=0x20486000 p=0xFD486000 f=0x00000003
  PTE written: 0xFD486003
MAP_PAGE: v=0x20487000 p=0xFD487000 f=0x00000003
  PTE written: 0xFD487003
MAP_PAGE: v=0x20488000 p=0xFD488000 f=0x00000003
  PTE written: 0xFD488003
MAP_PAGE: v=0x20489000 p=0xFD489000 f=0x00000003
  PTE written: 0xFD489003
MAP_PAGE: v=0x2048A000 p=0xFD48A000 f=0x00000003
  PTE written: 0xFD48A003
MAP_PAGE: v=0x2048B000 p=0xFD48B000 f=0x00000003
  PTE written: 0xFD48B003
MAP_PAGE: v=0x2048C000 p=0xFD48C000 f=0x00000003
  PTE written: 0xFD48C003
MAP_PAGE: v=0x2048D000 p=0xFD48D000 f=0x00000003
  PTE written: 0xFD48D003
MAP_PAGE: v=0x2048E000 p=0xFD48E000 f=0x00000003
  PTE written: 0xFD48E003
MAP_PAGE: v=0x2048F000 p=0xFD48F000 f=0x00000003
  PTE written: 0xFD48F003
MAP_PAGE: v=0x20490000 p=0xFD490000 f=0x00000003
  PTE written: 0xFD490003
MAP_PAGE: v=0x20491000 p=0xFD491000 f=0x00000003
  PTE written: 0xFD491003
MAP_PAGE: v=0x20492000 p=0xFD492000 f=0x00000003
  PTE written: 0xFD492003
MAP_PAGE: v=0x20493000 p=0xFD493000 f=0x00000003
  PTE written: 0xFD493003
MAP_PAGE: v=0x20494000 p=0xFD494000 f=0x00000003
  PTE written: 0xFD494003
MAP_PAGE: v=0x20495000 p=0xFD495000 f=0x00000003
  PTE written: 0xFD495003
MAP_PAGE: v=0x20496000 p=0xFD496000 f=0x00000003
  PTE written: 0xFD496003
MAP_PAGE: v=0x20497000 p=0xFD497000 f=0x00000003
  PTE written: 0xFD497003
MAP_PAGE: v=0x20498000 p=0xFD498000 f=0x00000003
  PTE written: 0xFD498003
MAP_PAGE: v=0x20499000 p=0xFD499000 f=0x00000003
  PTE written: 0xFD499003
MAP_PAGE: v=0x2049A000 p=0xFD49A000 f=0x00000003
  PTE written: 0xFD49A003
MAP_PAGE: v=0x2049B000 p=0xFD49B000 f=0x00000003
  PTE written: 0xFD49B003
MAP_PAGE: v=0x2049C000 p=0xFD49C000 f=0x00000003
  PTE written: 0xFD49C003
MAP_PAGE: v=0x2049D000 p=0xFD49D000 f=0x00000003
  PTE written: 0xFD49D003
MAP_PAGE: v=0x2049E000 p=0xFD49E000 f=0x00000003
  PTE written: 0xFD49E003
MAP_PAGE: v=0x2049F000 p=0xFD49F000 f=0x00000003
  PTE written: 0xFD49F003
MAP_PAGE: v=0x204A0000 p=0xFD4A0000 f=0x00000003
  PTE written: 0xFD4A0003
MAP_PAGE: v=0x204A1000 p=0xFD4A1000 f=0x00000003
  PTE written: 0xFD4A1003
MAP_PAGE: v=0x204A2000 p=0xFD4A2000 f=0x00000003
  PTE written: 0xFD4A2003
MAP_PAGE: v=0x204A3000 p=0xFD4A3000 f=0x00000003
  PTE written: 0xFD4A3003
MAP_PAGE: v=0x204A4000 p=0xFD4A4000 f=0x00000003
  PTE written: 0xFD4A4003
MAP_PAGE: v=0x204A5000 p=0xFD4A5000 f=0x00000003
  PTE written: 0xFD4A5003
MAP_PAGE: v=0x204A6000 p=0xFD4A6000 f=0x00000003
  PTE written: 0xFD4A6003
MAP_PAGE: v=0x204A7000 p=0xFD4A7000 f=0x00000003
  PTE written: 0xFD4A7003
MAP_PAGE: v=0x204A8000 p=0xFD4A8000 f=0x00000003
  PTE written: 0xFD4A8003
MAP_PAGE: v=0x204A9000 p=0xFD4A9000 f=0x00000003
  PTE written: 0xFD4A9003
MAP_PAGE: v=0x204AA000 p=0xFD4AA000 f=0x00000003
  PTE written: 0xFD4AA003
MAP_PAGE: v=0x204AB000 p=0xFD4AB000 f=0x00000003
  PTE written: 0xFD4AB003
MAP_PAGE: v=0x204AC000 p=0xFD4AC000 f=0x00000003
  PTE written: 0xFD4AC003
MAP_PAGE: v=0x204AD000 p=0xFD4AD000 f=0x00000003
  PTE written: 0xFD4AD003
MAP_PAGE: v=0x204AE000 p=0xFD4AE000 f=0x00000003
  PTE written: 0xFD4AE003
MAP_PAGE: v=0x204AF000 p=0xFD4AF000 f=0x00000003
  PTE written: 0xFD4AF003
MAP_PAGE: v=0x204B0000 p=0xFD4B0000 f=0x00000003
  PTE written: 0xFD4B0003
MAP_PAGE: v=0x204B1000 p=0xFD4B1000 f=0x00000003
  PTE written: 0xFD4B1003
MAP_PAGE: v=0x204B2000 p=0xFD4B2000 f=0x00000003
  PTE written: 0xFD4B2003
MAP_PAGE: v=0x204B3000 p=0xFD4B3000 f=0x00000003
  PTE written: 0xFD4B3003
MAP_PAGE: v=0x204B4000 p=0xFD4B4000 f=0x00000003
  PTE written: 0xFD4B4003
MAP_PAGE: v=0x204B5000 p=0xFD4B5000 f=0x00000003
  PTE written: 0xFD4B5003
MAP_PAGE: v=0x204B6000 p=0xFD4B6000 f=0x00000003
  PTE written: 0xFD4B6003
MAP_PAGE: v=0x204B7000 p=0xFD4B7000 f=0x00000003
  PTE written: 0xFD4B7003
MAP_PAGE: v=0x204B8000 p=0xFD4B8000 f=0x00000003
  PTE written: 0xFD4B8003
MAP_PAGE: v=0x204B9000 p=0xFD4B9000 f=0x00000003
  PTE written: 0xFD4B9003
MAP_PAGE: v=0x204BA000 p=0xFD4BA000 f=0x00000003
  PTE written: 0xFD4BA003
MAP_PAGE: v=0x204BB000 p=0xFD4BB000 f=0x00000003
  PTE written: 0xFD4BB003
MAP_PAGE: v=0x204BC000 p=0xFD4BC000 f=0x00000003
  PTE written: 0xFD4BC003
MAP_PAGE: v=0x204BD000 p=0xFD4BD000 f=0x00000003
  PTE written: 0xFD4BD003
MAP_PAGE: v=0x204BE000 p=0xFD4BE000 f=0x00000003
  PTE written: 0xFD4BE003
MAP_PAGE: v=0x204BF000 p=0xFD4BF000 f=0x00000003
  PTE written: 0xFD4BF003
MAP_PAGE: v=0x204C0000 p=0xFD4C0000 f=0x00000003
  PTE written: 0xFD4C0003
MAP_PAGE: v=0x204C1000 p=0xFD4C1000 f=0x00000003
  PTE written: 0xFD4C1003
MAP_PAGE: v=0x204C2000 p=0xFD4C2000 f=0x00000003
  PTE written: 0xFD4C2003
MAP_PAGE: v=0x204C3000 p=0xFD4C3000 f=0x00000003
  PTE written: 0xFD4C3003
MAP_PAGE: v=0x204C4000 p=0xFD4C4000 f=0x00000003
  PTE written: 0xFD4C4003
MAP_PAGE: v=0x204C5000 p=0xFD4C5000 f=0x00000003
  PTE written: 0xFD4C5003
MAP_PAGE: v=0x204C6000 p=0xFD4C6000 f=0x00000003
  PTE written: 0xFD4C6003
MAP_PAGE: v=0x204C7000 p=0xFD4C7000 f=0x00000003
  PTE written: 0xFD4C7003
MAP_PAGE: v=0x204C8000 p=0xFD4C8000 f=0x00000003
  PTE written: 0xFD4C8003
MAP_PAGE: v=0x204C9000 p=0xFD4C9000 f=0x00000003
  PTE written: 0xFD4C9003
MAP_PAGE: v=0x204CA000 p=0xFD4CA000 f=0x00000003
  PTE written: 0xFD4CA003
MAP_PAGE: v=0x204CB000 p=0xFD4CB000 f=0x00000003
  PTE written: 0xFD4CB003
MAP_PAGE: v=0x204CC000 p=0xFD4CC000 f=0x00000003
  PTE written: 0xFD4CC003
MAP_PAGE: v=0x204CD000 p=0xFD4CD000 f=0x00000003
  PTE written: 0xFD4CD003
MAP_PAGE: v=0x204CE000 p=0xFD4CE000 f=0x00000003
  PTE written: 0xFD4CE003
MAP_PAGE: v=0x204CF000 p=0xFD4CF000 f=0x00000003
  PTE written: 0xFD4CF003
MAP_PAGE: v=0x204D0000 p=0xFD4D0000 f=0x00000003
  PTE written: 0xFD4D0003
MAP_PAGE: v=0x204D1000 p=0xFD4D1000 f=0x00000003
  PTE written: 0xFD4D1003
MAP_PAGE: v=0x204D2000 p=0xFD4D2000 f=0x00000003
  PTE written: 0xFD4D2003
MAP_PAGE: v=0x204D3000 p=0xFD4D3000 f=0x00000003
  PTE written: 0xFD4D3003
MAP_PAGE: v=0x204D4000 p=0xFD4D4000 f=0x00000003
  PTE written: 0xFD4D4003
MAP_PAGE: v=0x204D5000 p=0xFD4D5000 f=0x00000003
  PTE written: 0xFD4D5003
MAP_PAGE: v=0x204D6000 p=0xFD4D6000 f=0x00000003
  PTE written: 0xFD4D6003
MAP_PAGE: v=0x204D7000 p=0xFD4D7000 f=0x00000003
  PTE written: 0xFD4D7003
MAP_PAGE: v=0x204D8000 p=0xFD4D8000 f=0x00000003
  PTE written: 0xFD4D8003
MAP_PAGE: v=0x204D9000 p=0xFD4D9000 f=0x00000003
  PTE written: 0xFD4D9003
MAP_PAGE: v=0x204DA000 p=0xFD4DA000 f=0x00000003
  PTE written: 0xFD4DA003
MAP_PAGE: v=0x204DB000 p=0xFD4DB000 f=0x00000003
  PTE written: 0xFD4DB003
MAP_PAGE: v=0x204DC000 p=0xFD4DC000 f=0x00000003
  PTE written: 0xFD4DC003
MAP_PAGE: v=0x204DD000 p=0xFD4DD000 f=0x00000003
  PTE written: 0xFD4DD003
MAP_PAGE: v=0x204DE000 p=0xFD4DE000 f=0x00000003
  PTE written: 0xFD4DE003
MAP_PAGE: v=0x204DF000 p=0xFD4DF000 f=0x00000003
  PTE written: 0xFD4DF003
MAP_PAGE: v=0x204E0000 p=0xFD4E0000 f=0x00000003
  PTE written: 0xFD4E0003
MAP_PAGE: v=0x204E1000 p=0xFD4E1000 f=0x00000003
  PTE written: 0xFD4E1003
MAP_PAGE: v=0x204E2000 p=0xFD4E2000 f=0x00000003
  PTE written: 0xFD4E2003
MAP_PAGE: v=0x204E3000 p=0xFD4E3000 f=0x00000003
  PTE written: 0xFD4E3003
MAP_PAGE: v=0x204E4000 p=0xFD4E4000 f=0x00000003
  PTE written: 0xFD4E4003
MAP_PAGE: v=0x204E5000 p=0xFD4E5000 f=0x00000003
  PTE written: 0xFD4E5003
MAP_PAGE: v=0x204E6000 p=0xFD4E6000 f=0x00000003
  PTE written: 0xFD4E6003
MAP_PAGE: v=0x204E7000 p=0xFD4E7000 f=0x00000003
  PTE written: 0xFD4E7003
MAP_PAGE: v=0x204E8000 p=0xFD4E8000 f=0x00000003
  PTE written: 0xFD4E8003
MAP_PAGE: v=0x204E9000 p=0xFD4E9000 f=0x00000003
  PTE written: 0xFD4E9003
MAP_PAGE: v=0x204EA000 p=0xFD4EA000 f=0x00000003
  PTE written: 0xFD4EA003
MAP_PAGE: v=0x204EB000 p=0xFD4EB000 f=0x00000003
  PTE written: 0xFD4EB003
MAP_PAGE: v=0x204EC000 p=0xFD4EC000 f=0x00000003
  PTE written: 0xFD4EC003
MAP_PAGE: v=0x204ED000 p=0xFD4ED000 f=0x00000003
  PTE written: 0xFD4ED003
MAP_PAGE: v=0x204EE000 p=0xFD4EE000 f=0x00000003
  PTE written: 0xFD4EE003
MAP_PAGE: v=0x204EF000 p=0xFD4EF000 f=0x00000003
  PTE written: 0xFD4EF003
MAP_PAGE: v=0x204F0000 p=0xFD4F0000 f=0x00000003
  PTE written: 0xFD4F0003
MAP_PAGE: v=0x204F1000 p=0xFD4F1000 f=0x00000003
  PTE written: 0xFD4F1003
MAP_PAGE: v=0x204F2000 p=0xFD4F2000 f=0x00000003
  PTE written: 0xFD4F2003
MAP_PAGE: v=0x204F3000 p=0xFD4F3000 f=0x00000003
  PTE written: 0xFD4F3003
MAP_PAGE: v=0x204F4000 p=0xFD4F4000 f=0x00000003
  PTE written: 0xFD4F4003
MAP_PAGE: v=0x204F5000 p=0xFD4F5000 f=0x00000003
  PTE written: 0xFD4F5003
MAP_PAGE: v=0x204F6000 p=0xFD4F6000 f=0x00000003
  PTE written: 0xFD4F6003
MAP_PAGE: v=0x204F7000 p=0xFD4F7000 f=0x00000003
  PTE written: 0xFD4F7003
MAP_PAGE: v=0x204F8000 p=0xFD4F8000 f=0x00000003
  PTE written: 0xFD4F8003
MAP_PAGE: v=0x204F9000 p=0xFD4F9000 f=0x00000003
  PTE written: 0xFD4F9003
MAP_PAGE: v=0x204FA000 p=0xFD4FA000 f=0x00000003
  PTE written: 0xFD4FA003
MAP_PAGE: v=0x204FB000 p=0xFD4FB000 f=0x00000003
  PTE written: 0xFD4FB003
MAP_PAGE: v=0x204FC000 p=0xFD4FC000 f=0x00000003
  PTE written: 0xFD4FC003
MAP_PAGE: v=0x204FD000 p=0xFD4FD000 f=0x00000003
  PTE written: 0xFD4FD003
MAP_PAGE: v=0x204FE000 p=0xFD4FE000 f=0x00000003
  PTE written: 0xFD4FE003
MAP_PAGE: v=0x204FF000 p=0xFD4FF000 f=0x00000003
  PTE written: 0xFD4FF003
MAP_PAGE: v=0x20500000 p=0xFD500000 f=0x00000003
  PTE written: 0xFD500003
MAP_PAGE: v=0x20501000 p=0xFD501000 f=0x00000003
  PTE written: 0xFD501003
MAP_PAGE: v=0x20502000 p=0xFD502000 f=0x00000003
  PTE written: 0xFD502003
MAP_PAGE: v=0x20503000 p=0xFD503000 f=0x00000003
  PTE written: 0xFD503003
MAP_PAGE: v=0x20504000 p=0xFD504000 f=0x00000003
  PTE written: 0xFD504003
MAP_PAGE: v=0x20505000 p=0xFD505000 f=0x00000003
  PTE written: 0xFD505003
MAP_PAGE: v=0x20506000 p=0xFD506000 f=0x00000003
  PTE written: 0xFD506003
MAP_PAGE: v=0x20507000 p=0xFD507000 f=0x00000003
  PTE written: 0xFD507003
MAP_PAGE: v=0x20508000 p=0xFD508000 f=0x00000003
  PTE written: 0xFD508003
MAP_PAGE: v=0x20509000 p=0xFD509000 f=0x00000003
  PTE written: 0xFD509003
MAP_PAGE: v=0x2050A000 p=0xFD50A000 f=0x00000003
  PTE written: 0xFD50A003
MAP_PAGE: v=0x2050B000 p=0xFD50B000 f=0x00000003
  PTE written: 0xFD50B003
MAP_PAGE: v=0x2050C000 p=0xFD50C000 f=0x00000003
  PTE written: 0xFD50C003
MAP_PAGE: v=0x2050D000 p=0xFD50D000 f=0x00000003
  PTE written: 0xFD50D003
MAP_PAGE: v=0x2050E000 p=0xFD50E000 f=0x00000003
  PTE written: 0xFD50E003
MAP_PAGE: v=0x2050F000 p=0xFD50F000 f=0x00000003
  PTE written: 0xFD50F003
MAP_PAGE: v=0x20510000 p=0xFD510000 f=0x00000003
  PTE written: 0xFD510003
MAP_PAGE: v=0x20511000 p=0xFD511000 f=0x00000003
  PTE written: 0xFD511003
MAP_PAGE: v=0x20512000 p=0xFD512000 f=0x00000003
  PTE written: 0xFD512003
MAP_PAGE: v=0x20513000 p=0xFD513000 f=0x00000003
  PTE written: 0xFD513003
MAP_PAGE: v=0x20514000 p=0xFD514000 f=0x00000003
  PTE written: 0xFD514003
MAP_PAGE: v=0x20515000 p=0xFD515000 f=0x00000003
  PTE written: 0xFD515003
MAP_PAGE: v=0x20516000 p=0xFD516000 f=0x00000003
  PTE written: 0xFD516003
MAP_PAGE: v=0x20517000 p=0xFD517000 f=0x00000003
  PTE written: 0xFD517003
MAP_PAGE: v=0x20518000 p=0xFD518000 f=0x00000003
  PTE written: 0xFD518003
MAP_PAGE: v=0x20519000 p=0xFD519000 f=0x00000003
  PTE written: 0xFD519003
MAP_PAGE: v=0x2051A000 p=0xFD51A000 f=0x00000003
  PTE written: 0xFD51A003
MAP_PAGE: v=0x2051B000 p=0xFD51B000 f=0x00000003
  PTE written: 0xFD51B003
MAP_PAGE: v=0x2051C000 p=0xFD51C000 f=0x00000003
  PTE written: 0xFD51C003
MAP_PAGE: v=0x2051D000 p=0xFD51D000 f=0x00000003
  PTE written: 0xFD51D003
MAP_PAGE: v=0x2051E000 p=0xFD51E000 f=0x00000003
  PTE written: 0xFD51E003
MAP_PAGE: v=0x2051F000 p=0xFD51F000 f=0x00000003
  PTE written: 0xFD51F003
MAP_PAGE: v=0x20520000 p=0xFD520000 f=0x00000003
  PTE written: 0xFD520003
MAP_PAGE: v=0x20521000 p=0xFD521000 f=0x00000003
  PTE written: 0xFD521003
MAP_PAGE: v=0x20522000 p=0xFD522000 f=0x00000003
  PTE written: 0xFD522003
MAP_PAGE: v=0x20523000 p=0xFD523000 f=0x00000003
  PTE written: 0xFD523003
MAP_PAGE: v=0x20524000 p=0xFD524000 f=0x00000003
  PTE written: 0xFD524003
MAP_PAGE: v=0x20525000 p=0xFD525000 f=0x00000003
  PTE written: 0xFD525003
MAP_PAGE: v=0x20526000 p=0xFD526000 f=0x00000003
  PTE written: 0xFD526003
MAP_PAGE: v=0x20527000 p=0xFD527000 f=0x00000003
  PTE written: 0xFD527003
MAP_PAGE: v=0x20528000 p=0xFD528000 f=0x00000003
  PTE written: 0xFD528003
MAP_PAGE: v=0x20529000 p=0xFD529000 f=0x00000003
  PTE written: 0xFD529003
MAP_PAGE: v=0x2052A000 p=0xFD52A000 f=0x00000003
  PTE written: 0xFD52A003
MAP_PAGE: v=0x2052B000 p=0xFD52B000 f=0x00000003
  PTE written: 0xFD52B003
MAP_PAGE: v=0x2052C000 p=0xFD52C000 f=0x00000003
  PTE written: 0xFD52C003
MAP_PAGE: v=0x2052D000 p=0xFD52D000 f=0x00000003
  PTE written: 0xFD52D003
MAP_PAGE: v=0x2052E000 p=0xFD52E000 f=0x00000003
  PTE written: 0xFD52E003
MAP_PAGE: v=0x2052F000 p=0xFD52F000 f=0x00000003
  PTE written: 0xFD52F003
MAP_PAGE: v=0x20530000 p=0xFD530000 f=0x00000003
  PTE written: 0xFD530003
MAP_PAGE: v=0x20531000 p=0xFD531000 f=0x00000003
  PTE written: 0xFD531003
MAP_PAGE: v=0x20532000 p=0xFD532000 f=0x00000003
  PTE written: 0xFD532003
MAP_PAGE: v=0x20533000 p=0xFD533000 f=0x00000003
  PTE written: 0xFD533003
MAP_PAGE: v=0x20534000 p=0xFD534000 f=0x00000003
  PTE written: 0xFD534003
MAP_PAGE: v=0x20535000 p=0xFD535000 f=0x00000003
  PTE written: 0xFD535003
MAP_PAGE: v=0x20536000 p=0xFD536000 f=0x00000003
  PTE written: 0xFD536003
MAP_PAGE: v=0x20537000 p=0xFD537000 f=0x00000003
  PTE written: 0xFD537003
MAP_PAGE: v=0x20538000 p=0xFD538000 f=0x00000003
  PTE written: 0xFD538003
MAP_PAGE: v=0x20539000 p=0xFD539000 f=0x00000003
  PTE written: 0xFD539003
MAP_PAGE: v=0x2053A000 p=0xFD53A000 f=0x00000003
  PTE written: 0xFD53A003
MAP_PAGE: v=0x2053B000 p=0xFD53B000 f=0x00000003
  PTE written: 0xFD53B003
MAP_PAGE: v=0x2053C000 p=0xFD53C000 f=0x00000003
  PTE written: 0xFD53C003
MAP_PAGE: v=0x2053D000 p=0xFD53D000 f=0x00000003
  PTE written: 0xFD53D003
MAP_PAGE: v=0x2053E000 p=0xFD53E000 f=0x00000003
  PTE written: 0xFD53E003
MAP_PAGE: v=0x2053F000 p=0xFD53F000 f=0x00000003
  PTE written: 0xFD53F003
MAP_PAGE: v=0x20540000 p=0xFD540000 f=0x00000003
  PTE written: 0xFD540003
MAP_PAGE: v=0x20541000 p=0xFD541000 f=0x00000003
  PTE written: 0xFD541003
MAP_PAGE: v=0x20542000 p=0xFD542000 f=0x00000003
  PTE written: 0xFD542003
MAP_PAGE: v=0x20543000 p=0xFD543000 f=0x00000003
  PTE written: 0xFD543003
MAP_PAGE: v=0x20544000 p=0xFD544000 f=0x00000003
  PTE written: 0xFD544003
MAP_PAGE: v=0x20545000 p=0xFD545000 f=0x00000003
  PTE written: 0xFD545003
MAP_PAGE: v=0x20546000 p=0xFD546000 f=0x00000003
  PTE written: 0xFD546003
MAP_PAGE: v=0x20547000 p=0xFD547000 f=0x00000003
  PTE written: 0xFD547003
MAP_PAGE: v=0x20548000 p=0xFD548000 f=0x00000003
  PTE written: 0xFD548003
MAP_PAGE: v=0x20549000 p=0xFD549000 f=0x00000003
  PTE written: 0xFD549003
MAP_PAGE: v=0x2054A000 p=0xFD54A000 f=0x00000003
  PTE written: 0xFD54A003
MAP_PAGE: v=0x2054B000 p=0xFD54B000 f=0x00000003
  PTE written: 0xFD54B003
MAP_PAGE: v=0x2054C000 p=0xFD54C000 f=0x00000003
  PTE written: 0xFD54C003
MAP_PAGE: v=0x2054D000 p=0xFD54D000 f=0x00000003
  PTE written: 0xFD54D003
MAP_PAGE: v=0x2054E000 p=0xFD54E000 f=0x00000003
  PTE written: 0xFD54E003
MAP_PAGE: v=0x2054F000 p=0xFD54F000 f=0x00000003
  PTE written: 0xFD54F003
MAP_PAGE: v=0x20550000 p=0xFD550000 f=0x00000003
  PTE written: 0xFD550003
MAP_PAGE: v=0x20551000 p=0xFD551000 f=0x00000003
  PTE written: 0xFD551003
MAP_PAGE: v=0x20552000 p=0xFD552000 f=0x00000003
  PTE written: 0xFD552003
MAP_PAGE: v=0x20553000 p=0xFD553000 f=0x00000003
  PTE written: 0xFD553003
MAP_PAGE: v=0x20554000 p=0xFD554000 f=0x00000003
  PTE written: 0xFD554003
MAP_PAGE: v=0x20555000 p=0xFD555000 f=0x00000003
  PTE written: 0xFD555003
MAP_PAGE: v=0x20556000 p=0xFD556000 f=0x00000003
  PTE written: 0xFD556003
MAP_PAGE: v=0x20557000 p=0xFD557000 f=0x00000003
  PTE written: 0xFD557003
MAP_PAGE: v=0x20558000 p=0xFD558000 f=0x00000003
  PTE written: 0xFD558003
MAP_PAGE: v=0x20559000 p=0xFD559000 f=0x00000003
  PTE written: 0xFD559003
MAP_PAGE: v=0x2055A000 p=0xFD55A000 f=0x00000003
  PTE written: 0xFD55A003
MAP_PAGE: v=0x2055B000 p=0xFD55B000 f=0x00000003
  PTE written: 0xFD55B003
MAP_PAGE: v=0x2055C000 p=0xFD55C000 f=0x00000003
  PTE written: 0xFD55C003
MAP_PAGE: v=0x2055D000 p=0xFD55D000 f=0x00000003
  PTE written: 0xFD55D003
MAP_PAGE: v=0x2055E000 p=0xFD55E000 f=0x00000003
  PTE written: 0xFD55E003
MAP_PAGE: v=0x2055F000 p=0xFD55F000 f=0x00000003
  PTE written: 0xFD55F003
MAP_PAGE: v=0x20560000 p=0xFD560000 f=0x00000003
  PTE written: 0xFD560003
MAP_PAGE: v=0x20561000 p=0xFD561000 f=0x00000003
  PTE written: 0xFD561003
MAP_PAGE: v=0x20562000 p=0xFD562000 f=0x00000003
  PTE written: 0xFD562003
MAP_PAGE: v=0x20563000 p=0xFD563000 f=0x00000003
  PTE written: 0xFD563003
MAP_PAGE: v=0x20564000 p=0xFD564000 f=0x00000003
  PTE written: 0xFD564003
MAP_PAGE: v=0x20565000 p=0xFD565000 f=0x00000003
  PTE written: 0xFD565003
MAP_PAGE: v=0x20566000 p=0xFD566000 f=0x00000003
  PTE written: 0xFD566003
MAP_PAGE: v=0x20567000 p=0xFD567000 f=0x00000003
  PTE written: 0xFD567003
MAP_PAGE: v=0x20568000 p=0xFD568000 f=0x00000003
  PTE written: 0xFD568003
MAP_PAGE: v=0x20569000 p=0xFD569000 f=0x00000003
  PTE written: 0xFD569003
MAP_PAGE: v=0x2056A000 p=0xFD56A000 f=0x00000003
  PTE written: 0xFD56A003
MAP_PAGE: v=0x2056B000 p=0xFD56B000 f=0x00000003
  PTE written: 0xFD56B003
MAP_PAGE: v=0x2056C000 p=0xFD56C000 f=0x00000003
  PTE written: 0xFD56C003
MAP_PAGE: v=0x2056D000 p=0xFD56D000 f=0x00000003
  PTE written: 0xFD56D003
MAP_PAGE: v=0x2056E000 p=0xFD56E000 f=0x00000003
  PTE written: 0xFD56E003
MAP_PAGE: v=0x2056F000 p=0xFD56F000 f=0x00000003
  PTE written: 0xFD56F003
MAP_PAGE: v=0x20570000 p=0xFD570000 f=0x00000003
  PTE written: 0xFD570003
MAP_PAGE: v=0x20571000 p=0xFD571000 f=0x00000003
  PTE written: 0xFD571003
MAP_PAGE: v=0x20572000 p=0xFD572000 f=0x00000003
  PTE written: 0xFD572003
MAP_PAGE: v=0x20573000 p=0xFD573000 f=0x00000003
  PTE written: 0xFD573003
MAP_PAGE: v=0x20574000 p=0xFD574000 f=0x00000003
  PTE written: 0xFD574003
MAP_PAGE: v=0x20575000 p=0xFD575000 f=0x00000003
  PTE written: 0xFD575003
MAP_PAGE: v=0x20576000 p=0xFD576000 f=0x00000003
  PTE written: 0xFD576003
MAP_PAGE: v=0x20577000 p=0xFD577000 f=0x00000003
  PTE written: 0xFD577003
MAP_PAGE: v=0x20578000 p=0xFD578000 f=0x00000003
  PTE written: 0xFD578003
MAP_PAGE: v=0x20579000 p=0xFD579000 f=0x00000003
  PTE written: 0xFD579003
MAP_PAGE: v=0x2057A000 p=0xFD57A000 f=0x00000003
  PTE written: 0xFD57A003
MAP_PAGE: v=0x2057B000 p=0xFD57B000 f=0x00000003
  PTE written: 0xFD57B003
MAP_PAGE: v=0x2057C000 p=0xFD57C000 f=0x00000003
  PTE written: 0xFD57C003
MAP_PAGE: v=0x2057D000 p=0xFD57D000 f=0x00000003
  PTE written: 0xFD57D003
MAP_PAGE: v=0x2057E000 p=0xFD57E000 f=0x00000003
  PTE written: 0xFD57E003
MAP_PAGE: v=0x2057F000 p=0xFD57F000 f=0x00000003
  PTE written: 0xFD57F003
MAP_PAGE: v=0x20580000 p=0xFD580000 f=0x00000003
  PTE written: 0xFD580003
MAP_PAGE: v=0x20581000 p=0xFD581000 f=0x00000003
  PTE written: 0xFD581003
MAP_PAGE: v=0x20582000 p=0xFD582000 f=0x00000003
  PTE written: 0xFD582003
MAP_PAGE: v=0x20583000 p=0xFD583000 f=0x00000003
  PTE written: 0xFD583003
MAP_PAGE: v=0x20584000 p=0xFD584000 f=0x00000003
  PTE written: 0xFD584003
MAP_PAGE: v=0x20585000 p=0xFD585000 f=0x00000003
  PTE written: 0xFD585003
MAP_PAGE: v=0x20586000 p=0xFD586000 f=0x00000003
  PTE written: 0xFD586003
MAP_PAGE: v=0x20587000 p=0xFD587000 f=0x00000003
  PTE written: 0xFD587003
MAP_PAGE: v=0x20588000 p=0xFD588000 f=0x00000003
  PTE written: 0xFD588003
MAP_PAGE: v=0x20589000 p=0xFD589000 f=0x00000003
  PTE written: 0xFD589003
MAP_PAGE: v=0x2058A000 p=0xFD58A000 f=0x00000003
  PTE written: 0xFD58A003
MAP_PAGE: v=0x2058B000 p=0xFD58B000 f=0x00000003
  PTE written: 0xFD58B003
MAP_PAGE: v=0x2058C000 p=0xFD58C000 f=0x00000003
  PTE written: 0xFD58C003
MAP_PAGE: v=0x2058D000 p=0xFD58D000 f=0x00000003
  PTE written: 0xFD58D003
MAP_PAGE: v=0x2058E000 p=0xFD58E000 f=0x00000003
  PTE written: 0xFD58E003
MAP_PAGE: v=0x2058F000 p=0xFD58F000 f=0x00000003
  PTE written: 0xFD58F003
MAP_PAGE: v=0x20590000 p=0xFD590000 f=0x00000003
  PTE written: 0xFD590003
MAP_PAGE: v=0x20591000 p=0xFD591000 f=0x00000003
  PTE written: 0xFD591003
MAP_PAGE: v=0x20592000 p=0xFD592000 f=0x00000003
  PTE written: 0xFD592003
MAP_PAGE: v=0x20593000 p=0xFD593000 f=0x00000003
  PTE written: 0xFD593003
MAP_PAGE: v=0x20594000 p=0xFD594000 f=0x00000003
  PTE written: 0xFD594003
MAP_PAGE: v=0x20595000 p=0xFD595000 f=0x00000003
  PTE written: 0xFD595003
MAP_PAGE: v=0x20596000 p=0xFD596000 f=0x00000003
  PTE written: 0xFD596003
MAP_PAGE: v=0x20597000 p=0xFD597000 f=0x00000003
  PTE written: 0xFD597003
MAP_PAGE: v=0x20598000 p=0xFD598000 f=0x00000003
  PTE written: 0xFD598003
MAP_PAGE: v=0x20599000 p=0xFD599000 f=0x00000003
  PTE written: 0xFD599003
MAP_PAGE: v=0x2059A000 p=0xFD59A000 f=0x00000003
  PTE written: 0xFD59A003
MAP_PAGE: v=0x2059B000 p=0xFD59B000 f=0x00000003
  PTE written: 0xFD59B003
MAP_PAGE: v=0x2059C000 p=0xFD59C000 f=0x00000003
  PTE written: 0xFD59C003
MAP_PAGE: v=0x2059D000 p=0xFD59D000 f=0x00000003
  PTE written: 0xFD59D003
MAP_PAGE: v=0x2059E000 p=0xFD59E000 f=0x00000003
  PTE written: 0xFD59E003
MAP_PAGE: v=0x2059F000 p=0xFD59F000 f=0x00000003
  PTE written: 0xFD59F003
MAP_PAGE: v=0x205A0000 p=0xFD5A0000 f=0x00000003
  PTE written: 0xFD5A0003
MAP_PAGE: v=0x205A1000 p=0xFD5A1000 f=0x00000003
  PTE written: 0xFD5A1003
MAP_PAGE: v=0x205A2000 p=0xFD5A2000 f=0x00000003
  PTE written: 0xFD5A2003
MAP_PAGE: v=0x205A3000 p=0xFD5A3000 f=0x00000003
  PTE written: 0xFD5A3003
MAP_PAGE: v=0x205A4000 p=0xFD5A4000 f=0x00000003
  PTE written: 0xFD5A4003
MAP_PAGE: v=0x205A5000 p=0xFD5A5000 f=0x00000003
  PTE written: 0xFD5A5003
MAP_PAGE: v=0x205A6000 p=0xFD5A6000 f=0x00000003
  PTE written: 0xFD5A6003
MAP_PAGE: v=0x205A7000 p=0xFD5A7000 f=0x00000003
  PTE written: 0xFD5A7003
MAP_PAGE: v=0x205A8000 p=0xFD5A8000 f=0x00000003
  PTE written: 0xFD5A8003
MAP_PAGE: v=0x205A9000 p=0xFD5A9000 f=0x00000003
  PTE written: 0xFD5A9003
MAP_PAGE: v=0x205AA000 p=0xFD5AA000 f=0x00000003
  PTE written: 0xFD5AA003
MAP_PAGE: v=0x205AB000 p=0xFD5AB000 f=0x00000003
  PTE written: 0xFD5AB003
MAP_PAGE: v=0x205AC000 p=0xFD5AC000 f=0x00000003
  PTE written: 0xFD5AC003
MAP_PAGE: v=0x205AD000 p=0xFD5AD000 f=0x00000003
  PTE written: 0xFD5AD003
MAP_PAGE: v=0x205AE000 p=0xFD5AE000 f=0x00000003
  PTE written: 0xFD5AE003
MAP_PAGE: v=0x205AF000 p=0xFD5AF000 f=0x00000003
  PTE written: 0xFD5AF003
MAP_PAGE: v=0x205B0000 p=0xFD5B0000 f=0x00000003
  PTE written: 0xFD5B0003
MAP_PAGE: v=0x205B1000 p=0xFD5B1000 f=0x00000003
  PTE written: 0xFD5B1003
MAP_PAGE: v=0x205B2000 p=0xFD5B2000 f=0x00000003
  PTE written: 0xFD5B2003
MAP_PAGE: v=0x205B3000 p=0xFD5B3000 f=0x00000003
  PTE written: 0xFD5B3003
MAP_PAGE: v=0x205B4000 p=0xFD5B4000 f=0x00000003
  PTE written: 0xFD5B4003
MAP_PAGE: v=0x205B5000 p=0xFD5B5000 f=0x00000003
  PTE written: 0xFD5B5003
MAP_PAGE: v=0x205B6000 p=0xFD5B6000 f=0x00000003
  PTE written: 0xFD5B6003
MAP_PAGE: v=0x205B7000 p=0xFD5B7000 f=0x00000003
  PTE written: 0xFD5B7003
MAP_PAGE: v=0x205B8000 p=0xFD5B8000 f=0x00000003
  PTE written: 0xFD5B8003
MAP_PAGE: v=0x205B9000 p=0xFD5B9000 f=0x00000003
  PTE written: 0xFD5B9003
MAP_PAGE: v=0x205BA000 p=0xFD5BA000 f=0x00000003
  PTE written: 0xFD5BA003
MAP_PAGE: v=0x205BB000 p=0xFD5BB000 f=0x00000003
  PTE written: 0xFD5BB003
MAP_PAGE: v=0x205BC000 p=0xFD5BC000 f=0x00000003
  PTE written: 0xFD5BC003
MAP_PAGE: v=0x205BD000 p=0xFD5BD000 f=0x00000003
  PTE written: 0xFD5BD003
MAP_PAGE: v=0x205BE000 p=0xFD5BE000 f=0x00000003
  PTE written: 0xFD5BE003
MAP_PAGE: v=0x205BF000 p=0xFD5BF000 f=0x00000003
  PTE written: 0xFD5BF003
MAP_PAGE: v=0x205C0000 p=0xFD5C0000 f=0x00000003
  PTE written: 0xFD5C0003
MAP_PAGE: v=0x205C1000 p=0xFD5C1000 f=0x00000003
  PTE written: 0xFD5C1003
MAP_PAGE: v=0x205C2000 p=0xFD5C2000 f=0x00000003
  PTE written: 0xFD5C2003
MAP_PAGE: v=0x205C3000 p=0xFD5C3000 f=0x00000003
  PTE written: 0xFD5C3003
MAP_PAGE: v=0x205C4000 p=0xFD5C4000 f=0x00000003
  PTE written: 0xFD5C4003
MAP_PAGE: v=0x205C5000 p=0xFD5C5000 f=0x00000003
  PTE written: 0xFD5C5003
MAP_PAGE: v=0x205C6000 p=0xFD5C6000 f=0x00000003
  PTE written: 0xFD5C6003
MAP_PAGE: v=0x205C7000 p=0xFD5C7000 f=0x00000003
  PTE written: 0xFD5C7003
MAP_PAGE: v=0x205C8000 p=0xFD5C8000 f=0x00000003
  PTE written: 0xFD5C8003
MAP_PAGE: v=0x205C9000 p=0xFD5C9000 f=0x00000003
  PTE written: 0xFD5C9003
MAP_PAGE: v=0x205CA000 p=0xFD5CA000 f=0x00000003
  PTE written: 0xFD5CA003
MAP_PAGE: v=0x205CB000 p=0xFD5CB000 f=0x00000003
  PTE written: 0xFD5CB003
MAP_PAGE: v=0x205CC000 p=0xFD5CC000 f=0x00000003
  PTE written: 0xFD5CC003
MAP_PAGE: v=0x205CD000 p=0xFD5CD000 f=0x00000003
  PTE written: 0xFD5CD003
MAP_PAGE: v=0x205CE000 p=0xFD5CE000 f=0x00000003
  PTE written: 0xFD5CE003
MAP_PAGE: v=0x205CF000 p=0xFD5CF000 f=0x00000003
  PTE written: 0xFD5CF003
MAP_PAGE: v=0x205D0000 p=0xFD5D0000 f=0x00000003
  PTE written: 0xFD5D0003
MAP_PAGE: v=0x205D1000 p=0xFD5D1000 f=0x00000003
  PTE written: 0xFD5D1003
MAP_PAGE: v=0x205D2000 p=0xFD5D2000 f=0x00000003
  PTE written: 0xFD5D2003
MAP_PAGE: v=0x205D3000 p=0xFD5D3000 f=0x00000003
  PTE written: 0xFD5D3003
MAP_PAGE: v=0x205D4000 p=0xFD5D4000 f=0x00000003
  PTE written: 0xFD5D4003
MAP_PAGE: v=0x205D5000 p=0xFD5D5000 f=0x00000003
  PTE written: 0xFD5D5003
MAP_PAGE: v=0x205D6000 p=0xFD5D6000 f=0x00000003
  PTE written: 0xFD5D6003
MAP_PAGE: v=0x205D7000 p=0xFD5D7000 f=0x00000003
  PTE written: 0xFD5D7003
MAP_PAGE: v=0x205D8000 p=0xFD5D8000 f=0x00000003
  PTE written: 0xFD5D8003
MAP_PAGE: v=0x205D9000 p=0xFD5D9000 f=0x00000003
  PTE written: 0xFD5D9003
MAP_PAGE: v=0x205DA000 p=0xFD5DA000 f=0x00000003
  PTE written: 0xFD5DA003
MAP_PAGE: v=0x205DB000 p=0xFD5DB000 f=0x00000003
  PTE written: 0xFD5DB003
MAP_PAGE: v=0x205DC000 p=0xFD5DC000 f=0x00000003
  PTE written: 0xFD5DC003
MAP_PAGE: v=0x205DD000 p=0xFD5DD000 f=0x00000003
  PTE written: 0xFD5DD003
MAP_PAGE: v=0x205DE000 p=0xFD5DE000 f=0x00000003
  PTE written: 0xFD5DE003
MAP_PAGE: v=0x205DF000 p=0xFD5DF000 f=0x00000003
  PTE written: 0xFD5DF003
MAP_PAGE: v=0x205E0000 p=0xFD5E0000 f=0x00000003
  PTE written: 0xFD5E0003
MAP_PAGE: v=0x205E1000 p=0xFD5E1000 f=0x00000003
  PTE written: 0xFD5E1003
MAP_PAGE: v=0x205E2000 p=0xFD5E2000 f=0x00000003
  PTE written: 0xFD5E2003
MAP_PAGE: v=0x205E3000 p=0xFD5E3000 f=0x00000003
  PTE written: 0xFD5E3003
MAP_PAGE: v=0x205E4000 p=0xFD5E4000 f=0x00000003
  PTE written: 0xFD5E4003
MAP_PAGE: v=0x205E5000 p=0xFD5E5000 f=0x00000003
  PTE written: 0xFD5E5003
MAP_PAGE: v=0x205E6000 p=0xFD5E6000 f=0x00000003
  PTE written: 0xFD5E6003
MAP_PAGE: v=0x205E7000 p=0xFD5E7000 f=0x00000003
  PTE written: 0xFD5E7003
MAP_PAGE: v=0x205E8000 p=0xFD5E8000 f=0x00000003
  PTE written: 0xFD5E8003
MAP_PAGE: v=0x205E9000 p=0xFD5E9000 f=0x00000003
  PTE written: 0xFD5E9003
MAP_PAGE: v=0x205EA000 p=0xFD5EA000 f=0x00000003
  PTE written: 0xFD5EA003
MAP_PAGE: v=0x205EB000 p=0xFD5EB000 f=0x00000003
  PTE written: 0xFD5EB003
MAP_PAGE: v=0x205EC000 p=0xFD5EC000 f=0x00000003
  PTE written: 0xFD5EC003
MAP_PAGE: v=0x205ED000 p=0xFD5ED000 f=0x00000003
  PTE written: 0xFD5ED003
MAP_PAGE: v=0x205EE000 p=0xFD5EE000 f=0x00000003
  PTE written: 0xFD5EE003
MAP_PAGE: v=0x205EF000 p=0xFD5EF000 f=0x00000003
  PTE written: 0xFD5EF003
MAP_PAGE: v=0x205F0000 p=0xFD5F0000 f=0x00000003
  PTE written: 0xFD5F0003
MAP_PAGE: v=0x205F1000 p=0xFD5F1000 f=0x00000003
  PTE written: 0xFD5F1003
MAP_PAGE: v=0x205F2000 p=0xFD5F2000 f=0x00000003
  PTE written: 0xFD5F2003
MAP_PAGE: v=0x205F3000 p=0xFD5F3000 f=0x00000003
  PTE written: 0xFD5F3003
MAP_PAGE: v=0x205F4000 p=0xFD5F4000 f=0x00000003
  PTE written: 0xFD5F4003
MAP_PAGE: v=0x205F5000 p=0xFD5F5000 f=0x00000003
  PTE written: 0xFD5F5003
MAP_PAGE: v=0x205F6000 p=0xFD5F6000 f=0x00000003
  PTE written: 0xFD5F6003
MAP_PAGE: v=0x205F7000 p=0xFD5F7000 f=0x00000003
  PTE written: 0xFD5F7003
MAP_PAGE: v=0x205F8000 p=0xFD5F8000 f=0x00000003
  PTE written: 0xFD5F8003
MAP_PAGE: v=0x205F9000 p=0xFD5F9000 f=0x00000003
  PTE written: 0xFD5F9003
MAP_PAGE: v=0x205FA000 p=0xFD5FA000 f=0x00000003
  PTE written: 0xFD5FA003
MAP_PAGE: v=0x205FB000 p=0xFD5FB000 f=0x00000003
  PTE written: 0xFD5FB003
MAP_PAGE: v=0x205FC000 p=0xFD5FC000 f=0x00000003
  PTE written: 0xFD5FC003
MAP_PAGE: v=0x205FD000 p=0xFD5FD000 f=0x00000003
  PTE written: 0xFD5FD003
MAP_PAGE: v=0x205FE000 p=0xFD5FE000 f=0x00000003
  PTE written: 0xFD5FE003
MAP_PAGE: v=0x205FF000 p=0xFD5FF000 f=0x00000003
  PTE written: 0xFD5FF003
MAP_PAGE: v=0x20600000 p=0xFD600000 f=0x00000003
  PTE written: 0xFD600003
MAP_PAGE: v=0x20601000 p=0xFD601000 f=0x00000003
  PTE written: 0xFD601003
MAP_PAGE: v=0x20602000 p=0xFD602000 f=0x00000003
  PTE written: 0xFD602003
MAP_PAGE: v=0x20603000 p=0xFD603000 f=0x00000003
  PTE written: 0xFD603003
MAP_PAGE: v=0x20604000 p=0xFD604000 f=0x00000003
  PTE written: 0xFD604003
MAP_PAGE: v=0x20605000 p=0xFD605000 f=0x00000003
  PTE written: 0xFD605003
MAP_PAGE: v=0x20606000 p=0xFD606000 f=0x00000003
  PTE written: 0xFD606003
MAP_PAGE: v=0x20607000 p=0xFD607000 f=0x00000003
  PTE written: 0xFD607003
MAP_PAGE: v=0x20608000 p=0xFD608000 f=0x00000003
  PTE written: 0xFD608003
MAP_PAGE: v=0x20609000 p=0xFD609000 f=0x00000003
  PTE written: 0xFD609003
MAP_PAGE: v=0x2060A000 p=0xFD60A000 f=0x00000003
  PTE written: 0xFD60A003
MAP_PAGE: v=0x2060B000 p=0xFD60B000 f=0x00000003
  PTE written: 0xFD60B003
MAP_PAGE: v=0x2060C000 p=0xFD60C000 f=0x00000003
  PTE written: 0xFD60C003
MAP_PAGE: v=0x2060D000 p=0xFD60D000 f=0x00000003
  PTE written: 0xFD60D003
MAP_PAGE: v=0x2060E000 p=0xFD60E000 f=0x00000003
  PTE written: 0xFD60E003
MAP_PAGE: v=0x2060F000 p=0xFD60F000 f=0x00000003
  PTE written: 0xFD60F003
MAP_PAGE: v=0x20610000 p=0xFD610000 f=0x00000003
  PTE written: 0xFD610003
MAP_PAGE: v=0x20611000 p=0xFD611000 f=0x00000003
  PTE written: 0xFD611003
MAP_PAGE: v=0x20612000 p=0xFD612000 f=0x00000003
  PTE written: 0xFD612003
MAP_PAGE: v=0x20613000 p=0xFD613000 f=0x00000003
  PTE written: 0xFD613003
MAP_PAGE: v=0x20614000 p=0xFD614000 f=0x00000003
  PTE written: 0xFD614003
MAP_PAGE: v=0x20615000 p=0xFD615000 f=0x00000003
  PTE written: 0xFD615003
MAP_PAGE: v=0x20616000 p=0xFD616000 f=0x00000003
  PTE written: 0xFD616003
MAP_PAGE: v=0x20617000 p=0xFD617000 f=0x00000003
  PTE written: 0xFD617003
MAP_PAGE: v=0x20618000 p=0xFD618000 f=0x00000003
  PTE written: 0xFD618003
MAP_PAGE: v=0x20619000 p=0xFD619000 f=0x00000003
  PTE written: 0xFD619003
MAP_PAGE: v=0x2061A000 p=0xFD61A000 f=0x00000003
  PTE written: 0xFD61A003
MAP_PAGE: v=0x2061B000 p=0xFD61B000 f=0x00000003
  PTE written: 0xFD61B003
MAP_PAGE: v=0x2061C000 p=0xFD61C000 f=0x00000003
  PTE written: 0xFD61C003
MAP_PAGE: v=0x2061D000 p=0xFD61D000 f=0x00000003
  PTE written: 0xFD61D003
MAP_PAGE: v=0x2061E000 p=0xFD61E000 f=0x00000003
  PTE written: 0xFD61E003
MAP_PAGE: v=0x2061F000 p=0xFD61F000 f=0x00000003
  PTE written: 0xFD61F003
MAP_PAGE: v=0x20620000 p=0xFD620000 f=0x00000003
  PTE written: 0xFD620003
MAP_PAGE: v=0x20621000 p=0xFD621000 f=0x00000003
  PTE written: 0xFD621003
MAP_PAGE: v=0x20622000 p=0xFD622000 f=0x00000003
  PTE written: 0xFD622003
MAP_PAGE: v=0x20623000 p=0xFD623000 f=0x00000003
  PTE written: 0xFD623003
MAP_PAGE: v=0x20624000 p=0xFD624000 f=0x00000003
  PTE written: 0xFD624003
MAP_PAGE: v=0x20625000 p=0xFD625000 f=0x00000003
  PTE written: 0xFD625003
MAP_PAGE: v=0x20626000 p=0xFD626000 f=0x00000003
  PTE written: 0xFD626003
MAP_PAGE: v=0x20627000 p=0xFD627000 f=0x00000003
  PTE written: 0xFD627003
MAP_PAGE: v=0x20628000 p=0xFD628000 f=0x00000003
  PTE written: 0xFD628003
MAP_PAGE: v=0x20629000 p=0xFD629000 f=0x00000003
  PTE written: 0xFD629003
MAP_PAGE: v=0x2062A000 p=0xFD62A000 f=0x00000003
  PTE written: 0xFD62A003
MAP_PAGE: v=0x2062B000 p=0xFD62B000 f=0x00000003
  PTE written: 0xFD62B003
MAP_PAGE: v=0x2062C000 p=0xFD62C000 f=0x00000003
  PTE written: 0xFD62C003
MAP_PAGE: v=0x2062D000 p=0xFD62D000 f=0x00000003
  PTE written: 0xFD62D003
MAP_PAGE: v=0x2062E000 p=0xFD62E000 f=0x00000003
  PTE written: 0xFD62E003
MAP_PAGE: v=0x2062F000 p=0xFD62F000 f=0x00000003
  PTE written: 0xFD62F003
MAP_PAGE: v=0x20630000 p=0xFD630000 f=0x00000003
  PTE written: 0xFD630003
MAP_PAGE: v=0x20631000 p=0xFD631000 f=0x00000003
  PTE written: 0xFD631003
MAP_PAGE: v=0x20632000 p=0xFD632000 f=0x00000003
  PTE written: 0xFD632003
MAP_PAGE: v=0x20633000 p=0xFD633000 f=0x00000003
  PTE written: 0xFD633003
MAP_PAGE: v=0x20634000 p=0xFD634000 f=0x00000003
  PTE written: 0xFD634003
MAP_PAGE: v=0x20635000 p=0xFD635000 f=0x00000003
  PTE written: 0xFD635003
MAP_PAGE: v=0x20636000 p=0xFD636000 f=0x00000003
  PTE written: 0xFD636003
MAP_PAGE: v=0x20637000 p=0xFD637000 f=0x00000003
  PTE written: 0xFD637003
MAP_PAGE: v=0x20638000 p=0xFD638000 f=0x00000003
  PTE written: 0xFD638003
MAP_PAGE: v=0x20639000 p=0xFD639000 f=0x00000003
  PTE written: 0xFD639003
MAP_PAGE: v=0x2063A000 p=0xFD63A000 f=0x00000003
  PTE written: 0xFD63A003
MAP_PAGE: v=0x2063B000 p=0xFD63B000 f=0x00000003
  PTE written: 0xFD63B003
MAP_PAGE: v=0x2063C000 p=0xFD63C000 f=0x00000003
  PTE written: 0xFD63C003
MAP_PAGE: v=0x2063D000 p=0xFD63D000 f=0x00000003
  PTE written: 0xFD63D003
MAP_PAGE: v=0x2063E000 p=0xFD63E000 f=0x00000003
  PTE written: 0xFD63E003
MAP_PAGE: v=0x2063F000 p=0xFD63F000 f=0x00000003
  PTE written: 0xFD63F003
MAP_PAGE: v=0x20640000 p=0xFD640000 f=0x00000003
  PTE written: 0xFD640003
MAP_PAGE: v=0x20641000 p=0xFD641000 f=0x00000003
  PTE written: 0xFD641003
MAP_PAGE: v=0x20642000 p=0xFD642000 f=0x00000003
  PTE written: 0xFD642003
MAP_PAGE: v=0x20643000 p=0xFD643000 f=0x00000003
  PTE written: 0xFD643003
MAP_PAGE: v=0x20644000 p=0xFD644000 f=0x00000003
  PTE written: 0xFD644003
MAP_PAGE: v=0x20645000 p=0xFD645000 f=0x00000003
  PTE written: 0xFD645003
MAP_PAGE: v=0x20646000 p=0xFD646000 f=0x00000003
  PTE written: 0xFD646003
MAP_PAGE: v=0x20647000 p=0xFD647000 f=0x00000003
  PTE written: 0xFD647003
MAP_PAGE: v=0x20648000 p=0xFD648000 f=0x00000003
  PTE written: 0xFD648003
MAP_PAGE: v=0x20649000 p=0xFD649000 f=0x00000003
  PTE written: 0xFD649003
MAP_PAGE: v=0x2064A000 p=0xFD64A000 f=0x00000003
  PTE written: 0xFD64A003
MAP_PAGE: v=0x2064B000 p=0xFD64B000 f=0x00000003
  PTE written: 0xFD64B003
MAP_PAGE: v=0x2064C000 p=0xFD64C000 f=0x00000003
  PTE written: 0xFD64C003
MAP_PAGE: v=0x2064D000 p=0xFD64D000 f=0x00000003
  PTE written: 0xFD64D003
MAP_PAGE: v=0x2064E000 p=0xFD64E000 f=0x00000003
  PTE written: 0xFD64E003
MAP_PAGE: v=0x2064F000 p=0xFD64F000 f=0x00000003
  PTE written: 0xFD64F003
MAP_PAGE: v=0x20650000 p=0xFD650000 f=0x00000003
  PTE written: 0xFD650003
MAP_PAGE: v=0x20651000 p=0xFD651000 f=0x00000003
  PTE written: 0xFD651003
MAP_PAGE: v=0x20652000 p=0xFD652000 f=0x00000003
  PTE written: 0xFD652003
MAP_PAGE: v=0x20653000 p=0xFD653000 f=0x00000003
  PTE written: 0xFD653003
MAP_PAGE: v=0x20654000 p=0xFD654000 f=0x00000003
  PTE written: 0xFD654003
MAP_PAGE: v=0x20655000 p=0xFD655000 f=0x00000003
  PTE written: 0xFD655003
MAP_PAGE: v=0x20656000 p=0xFD656000 f=0x00000003
  PTE written: 0xFD656003
MAP_PAGE: v=0x20657000 p=0xFD657000 f=0x00000003
  PTE written: 0xFD657003
MAP_PAGE: v=0x20658000 p=0xFD658000 f=0x00000003
  PTE written: 0xFD658003
MAP_PAGE: v=0x20659000 p=0xFD659000 f=0x00000003
  PTE written: 0xFD659003
MAP_PAGE: v=0x2065A000 p=0xFD65A000 f=0x00000003
  PTE written: 0xFD65A003
MAP_PAGE: v=0x2065B000 p=0xFD65B000 f=0x00000003
  PTE written: 0xFD65B003
MAP_PAGE: v=0x2065C000 p=0xFD65C000 f=0x00000003
  PTE written: 0xFD65C003
MAP_PAGE: v=0x2065D000 p=0xFD65D000 f=0x00000003
  PTE written: 0xFD65D003
MAP_PAGE: v=0x2065E000 p=0xFD65E000 f=0x00000003
  PTE written: 0xFD65E003
MAP_PAGE: v=0x2065F000 p=0xFD65F000 f=0x00000003
  PTE written: 0xFD65F003
MAP_PAGE: v=0x20660000 p=0xFD660000 f=0x00000003
  PTE written: 0xFD660003
MAP_PAGE: v=0x20661000 p=0xFD661000 f=0x00000003
  PTE written: 0xFD661003
MAP_PAGE: v=0x20662000 p=0xFD662000 f=0x00000003
  PTE written: 0xFD662003
MAP_PAGE: v=0x20663000 p=0xFD663000 f=0x00000003
  PTE written: 0xFD663003
MAP_PAGE: v=0x20664000 p=0xFD664000 f=0x00000003
  PTE written: 0xFD664003
MAP_PAGE: v=0x20665000 p=0xFD665000 f=0x00000003
  PTE written: 0xFD665003
MAP_PAGE: v=0x20666000 p=0xFD666000 f=0x00000003
  PTE written: 0xFD666003
MAP_PAGE: v=0x20667000 p=0xFD667000 f=0x00000003
  PTE written: 0xFD667003
MAP_PAGE: v=0x20668000 p=0xFD668000 f=0x00000003
  PTE written: 0xFD668003
MAP_PAGE: v=0x20669000 p=0xFD669000 f=0x00000003
  PTE written: 0xFD669003
MAP_PAGE: v=0x2066A000 p=0xFD66A000 f=0x00000003
  PTE written: 0xFD66A003
MAP_PAGE: v=0x2066B000 p=0xFD66B000 f=0x00000003
  PTE written: 0xFD66B003
MAP_PAGE: v=0x2066C000 p=0xFD66C000 f=0x00000003
  PTE written: 0xFD66C003
MAP_PAGE: v=0x2066D000 p=0xFD66D000 f=0x00000003
  PTE written: 0xFD66D003
MAP_PAGE: v=0x2066E000 p=0xFD66E000 f=0x00000003
  PTE written: 0xFD66E003
MAP_PAGE: v=0x2066F000 p=0xFD66F000 f=0x00000003
  PTE written: 0xFD66F003
MAP_PAGE: v=0x20670000 p=0xFD670000 f=0x00000003
  PTE written: 0xFD670003
MAP_PAGE: v=0x20671000 p=0xFD671000 f=0x00000003
  PTE written: 0xFD671003
MAP_PAGE: v=0x20672000 p=0xFD672000 f=0x00000003
  PTE written: 0xFD672003
MAP_PAGE: v=0x20673000 p=0xFD673000 f=0x00000003
  PTE written: 0xFD673003
MAP_PAGE: v=0x20674000 p=0xFD674000 f=0x00000003
  PTE written: 0xFD674003
MAP_PAGE: v=0x20675000 p=0xFD675000 f=0x00000003
  PTE written: 0xFD675003
MAP_PAGE: v=0x20676000 p=0xFD676000 f=0x00000003
  PTE written: 0xFD676003
MAP_PAGE: v=0x20677000 p=0xFD677000 f=0x00000003
  PTE written: 0xFD677003
MAP_PAGE: v=0x20678000 p=0xFD678000 f=0x00000003
  PTE written: 0xFD678003
MAP_PAGE: v=0x20679000 p=0xFD679000 f=0x00000003
  PTE written: 0xFD679003
MAP_PAGE: v=0x2067A000 p=0xFD67A000 f=0x00000003
  PTE written: 0xFD67A003
MAP_PAGE: v=0x2067B000 p=0xFD67B000 f=0x00000003
  PTE written: 0xFD67B003
MAP_PAGE: v=0x2067C000 p=0xFD67C000 f=0x00000003
  PTE written: 0xFD67C003
MAP_PAGE: v=0x2067D000 p=0xFD67D000 f=0x00000003
  PTE written: 0xFD67D003
MAP_PAGE: v=0x2067E000 p=0xFD67E000 f=0x00000003
  PTE written: 0xFD67E003
MAP_PAGE: v=0x2067F000 p=0xFD67F000 f=0x00000003
  PTE written: 0xFD67F003
MAP_PAGE: v=0x20680000 p=0xFD680000 f=0x00000003
  PTE written: 0xFD680003
MAP_PAGE: v=0x20681000 p=0xFD681000 f=0x00000003
  PTE written: 0xFD681003
MAP_PAGE: v=0x20682000 p=0xFD682000 f=0x00000003
  PTE written: 0xFD682003
MAP_PAGE: v=0x20683000 p=0xFD683000 f=0x00000003
  PTE written: 0xFD683003
MAP_PAGE: v=0x20684000 p=0xFD684000 f=0x00000003
  PTE written: 0xFD684003
MAP_PAGE: v=0x20685000 p=0xFD685000 f=0x00000003
  PTE written: 0xFD685003
MAP_PAGE: v=0x20686000 p=0xFD686000 f=0x00000003
  PTE written: 0xFD686003
MAP_PAGE: v=0x20687000 p=0xFD687000 f=0x00000003
  PTE written: 0xFD687003
MAP_PAGE: v=0x20688000 p=0xFD688000 f=0x00000003
  PTE written: 0xFD688003
MAP_PAGE: v=0x20689000 p=0xFD689000 f=0x00000003
  PTE written: 0xFD689003
MAP_PAGE: v=0x2068A000 p=0xFD68A000 f=0x00000003
  PTE written: 0xFD68A003
MAP_PAGE: v=0x2068B000 p=0xFD68B000 f=0x00000003
  PTE written: 0xFD68B003
MAP_PAGE: v=0x2068C000 p=0xFD68C000 f=0x00000003
  PTE written: 0xFD68C003
MAP_PAGE: v=0x2068D000 p=0xFD68D000 f=0x00000003
  PTE written: 0xFD68D003
MAP_PAGE: v=0x2068E000 p=0xFD68E000 f=0x00000003
  PTE written: 0xFD68E003
MAP_PAGE: v=0x2068F000 p=0xFD68F000 f=0x00000003
  PTE written: 0xFD68F003
MAP_PAGE: v=0x20690000 p=0xFD690000 f=0x00000003
  PTE written: 0xFD690003
MAP_PAGE: v=0x20691000 p=0xFD691000 f=0x00000003
  PTE written: 0xFD691003
MAP_PAGE: v=0x20692000 p=0xFD692000 f=0x00000003
  PTE written: 0xFD692003
MAP_PAGE: v=0x20693000 p=0xFD693000 f=0x00000003
  PTE written: 0xFD693003
MAP_PAGE: v=0x20694000 p=0xFD694000 f=0x00000003
  PTE written: 0xFD694003
MAP_PAGE: v=0x20695000 p=0xFD695000 f=0x00000003
  PTE written: 0xFD695003
MAP_PAGE: v=0x20696000 p=0xFD696000 f=0x00000003
  PTE written: 0xFD696003
MAP_PAGE: v=0x20697000 p=0xFD697000 f=0x00000003
  PTE written: 0xFD697003
MAP_PAGE: v=0x20698000 p=0xFD698000 f=0x00000003
  PTE written: 0xFD698003
MAP_PAGE: v=0x20699000 p=0xFD699000 f=0x00000003
  PTE written: 0xFD699003
MAP_PAGE: v=0x2069A000 p=0xFD69A000 f=0x00000003
  PTE written: 0xFD69A003
MAP_PAGE: v=0x2069B000 p=0xFD69B000 f=0x00000003
  PTE written: 0xFD69B003
MAP_PAGE: v=0x2069C000 p=0xFD69C000 f=0x00000003
  PTE written: 0xFD69C003
MAP_PAGE: v=0x2069D000 p=0xFD69D000 f=0x00000003
  PTE written: 0xFD69D003
MAP_PAGE: v=0x2069E000 p=0xFD69E000 f=0x00000003
  PTE written: 0xFD69E003
MAP_PAGE: v=0x2069F000 p=0xFD69F000 f=0x00000003
  PTE written: 0xFD69F003
MAP_PAGE: v=0x206A0000 p=0xFD6A0000 f=0x00000003
  PTE written: 0xFD6A0003
MAP_PAGE: v=0x206A1000 p=0xFD6A1000 f=0x00000003
  PTE written: 0xFD6A1003
MAP_PAGE: v=0x206A2000 p=0xFD6A2000 f=0x00000003
  PTE written: 0xFD6A2003
MAP_PAGE: v=0x206A3000 p=0xFD6A3000 f=0x00000003
  PTE written: 0xFD6A3003
MAP_PAGE: v=0x206A4000 p=0xFD6A4000 f=0x00000003
  PTE written: 0xFD6A4003
MAP_PAGE: v=0x206A5000 p=0xFD6A5000 f=0x00000003
  PTE written: 0xFD6A5003
MAP_PAGE: v=0x206A6000 p=0xFD6A6000 f=0x00000003
  PTE written: 0xFD6A6003
MAP_PAGE: v=0x206A7000 p=0xFD6A7000 f=0x00000003
  PTE written: 0xFD6A7003
MAP_PAGE: v=0x206A8000 p=0xFD6A8000 f=0x00000003
  PTE written: 0xFD6A8003
MAP_PAGE: v=0x206A9000 p=0xFD6A9000 f=0x00000003
  PTE written: 0xFD6A9003
MAP_PAGE: v=0x206AA000 p=0xFD6AA000 f=0x00000003
  PTE written: 0xFD6AA003
MAP_PAGE: v=0x206AB000 p=0xFD6AB000 f=0x00000003
  PTE written: 0xFD6AB003
MAP_PAGE: v=0x206AC000 p=0xFD6AC000 f=0x00000003
  PTE written: 0xFD6AC003
MAP_PAGE: v=0x206AD000 p=0xFD6AD000 f=0x00000003
  PTE written: 0xFD6AD003
MAP_PAGE: v=0x206AE000 p=0xFD6AE000 f=0x00000003
  PTE written: 0xFD6AE003
MAP_PAGE: v=0x206AF000 p=0xFD6AF000 f=0x00000003
  PTE written: 0xFD6AF003
MAP_PAGE: v=0x206B0000 p=0xFD6B0000 f=0x00000003
  PTE written: 0xFD6B0003
MAP_PAGE: v=0x206B1000 p=0xFD6B1000 f=0x00000003
  PTE written: 0xFD6B1003
MAP_PAGE: v=0x206B2000 p=0xFD6B2000 f=0x00000003
  PTE written: 0xFD6B2003
MAP_PAGE: v=0x206B3000 p=0xFD6B3000 f=0x00000003
  PTE written: 0xFD6B3003
MAP_PAGE: v=0x206B4000 p=0xFD6B4000 f=0x00000003
  PTE written: 0xFD6B4003
MAP_PAGE: v=0x206B5000 p=0xFD6B5000 f=0x00000003
  PTE written: 0xFD6B5003
MAP_PAGE: v=0x206B6000 p=0xFD6B6000 f=0x00000003
  PTE written: 0xFD6B6003
MAP_PAGE: v=0x206B7000 p=0xFD6B7000 f=0x00000003
  PTE written: 0xFD6B7003
MAP_PAGE: v=0x206B8000 p=0xFD6B8000 f=0x00000003
  PTE written: 0xFD6B8003
MAP_PAGE: v=0x206B9000 p=0xFD6B9000 f=0x00000003
  PTE written: 0xFD6B9003
MAP_PAGE: v=0x206BA000 p=0xFD6BA000 f=0x00000003
  PTE written: 0xFD6BA003
MAP_PAGE: v=0x206BB000 p=0xFD6BB000 f=0x00000003
  PTE written: 0xFD6BB003
MAP_PAGE: v=0x206BC000 p=0xFD6BC000 f=0x00000003
  PTE written: 0xFD6BC003
MAP_PAGE: v=0x206BD000 p=0xFD6BD000 f=0x00000003
  PTE written: 0xFD6BD003
MAP_PAGE: v=0x206BE000 p=0xFD6BE000 f=0x00000003
  PTE written: 0xFD6BE003
MAP_PAGE: v=0x206BF000 p=0xFD6BF000 f=0x00000003
  PTE written: 0xFD6BF003
MAP_PAGE: v=0x206C0000 p=0xFD6C0000 f=0x00000003
  PTE written: 0xFD6C0003
MAP_PAGE: v=0x206C1000 p=0xFD6C1000 f=0x00000003
  PTE written: 0xFD6C1003
MAP_PAGE: v=0x206C2000 p=0xFD6C2000 f=0x00000003
  PTE written: 0xFD6C2003
MAP_PAGE: v=0x206C3000 p=0xFD6C3000 f=0x00000003
  PTE written: 0xFD6C3003
MAP_PAGE: v=0x206C4000 p=0xFD6C4000 f=0x00000003
  PTE written: 0xFD6C4003
MAP_PAGE: v=0x206C5000 p=0xFD6C5000 f=0x00000003
  PTE written: 0xFD6C5003
MAP_PAGE: v=0x206C6000 p=0xFD6C6000 f=0x00000003
  PTE written: 0xFD6C6003
MAP_PAGE: v=0x206C7000 p=0xFD6C7000 f=0x00000003
  PTE written: 0xFD6C7003
MAP_PAGE: v=0x206C8000 p=0xFD6C8000 f=0x00000003
  PTE written: 0xFD6C8003
MAP_PAGE: v=0x206C9000 p=0xFD6C9000 f=0x00000003
  PTE written: 0xFD6C9003
MAP_PAGE: v=0x206CA000 p=0xFD6CA000 f=0x00000003
  PTE written: 0xFD6CA003
MAP_PAGE: v=0x206CB000 p=0xFD6CB000 f=0x00000003
  PTE written: 0xFD6CB003
MAP_PAGE: v=0x206CC000 p=0xFD6CC000 f=0x00000003
  PTE written: 0xFD6CC003
MAP_PAGE: v=0x206CD000 p=0xFD6CD000 f=0x00000003
  PTE written: 0xFD6CD003
MAP_PAGE: v=0x206CE000 p=0xFD6CE000 f=0x00000003
  PTE written: 0xFD6CE003
MAP_PAGE: v=0x206CF000 p=0xFD6CF000 f=0x00000003
  PTE written: 0xFD6CF003
MAP_PAGE: v=0x206D0000 p=0xFD6D0000 f=0x00000003
  PTE written: 0xFD6D0003
MAP_PAGE: v=0x206D1000 p=0xFD6D1000 f=0x00000003
  PTE written: 0xFD6D1003
MAP_PAGE: v=0x206D2000 p=0xFD6D2000 f=0x00000003
  PTE written: 0xFD6D2003
MAP_PAGE: v=0x206D3000 p=0xFD6D3000 f=0x00000003
  PTE written: 0xFD6D3003
MAP_PAGE: v=0x206D4000 p=0xFD6D4000 f=0x00000003
  PTE written: 0xFD6D4003
MAP_PAGE: v=0x206D5000 p=0xFD6D5000 f=0x00000003
  PTE written: 0xFD6D5003
MAP_PAGE: v=0x206D6000 p=0xFD6D6000 f=0x00000003
  PTE written: 0xFD6D6003
MAP_PAGE: v=0x206D7000 p=0xFD6D7000 f=0x00000003
  PTE written: 0xFD6D7003
MAP_PAGE: v=0x206D8000 p=0xFD6D8000 f=0x00000003
  PTE written: 0xFD6D8003
MAP_PAGE: v=0x206D9000 p=0xFD6D9000 f=0x00000003
  PTE written: 0xFD6D9003
MAP_PAGE: v=0x206DA000 p=0xFD6DA000 f=0x00000003
  PTE written: 0xFD6DA003
MAP_PAGE: v=0x206DB000 p=0xFD6DB000 f=0x00000003
  PTE written: 0xFD6DB003
MAP_PAGE: v=0x206DC000 p=0xFD6DC000 f=0x00000003
  PTE written: 0xFD6DC003
MAP_PAGE: v=0x206DD000 p=0xFD6DD000 f=0x00000003
  PTE written: 0xFD6DD003
MAP_PAGE: v=0x206DE000 p=0xFD6DE000 f=0x00000003
  PTE written: 0xFD6DE003
MAP_PAGE: v=0x206DF000 p=0xFD6DF000 f=0x00000003
  PTE written: 0xFD6DF003
MAP_PAGE: v=0x206E0000 p=0xFD6E0000 f=0x00000003
  PTE written: 0xFD6E0003
MAP_PAGE: v=0x206E1000 p=0xFD6E1000 f=0x00000003
  PTE written: 0xFD6E1003
MAP_PAGE: v=0x206E2000 p=0xFD6E2000 f=0x00000003
  PTE written: 0xFD6E2003
MAP_PAGE: v=0x206E3000 p=0xFD6E3000 f=0x00000003
  PTE written: 0xFD6E3003
MAP_PAGE: v=0x206E4000 p=0xFD6E4000 f=0x00000003
  PTE written: 0xFD6E4003
MAP_PAGE: v=0x206E5000 p=0xFD6E5000 f=0x00000003
  PTE written: 0xFD6E5003
MAP_PAGE: v=0x206E6000 p=0xFD6E6000 f=0x00000003
  PTE written: 0xFD6E6003
MAP_PAGE: v=0x206E7000 p=0xFD6E7000 f=0x00000003
  PTE written: 0xFD6E7003
MAP_PAGE: v=0x206E8000 p=0xFD6E8000 f=0x00000003
  PTE written: 0xFD6E8003
MAP_PAGE: v=0x206E9000 p=0xFD6E9000 f=0x00000003
  PTE written: 0xFD6E9003
MAP_PAGE: v=0x206EA000 p=0xFD6EA000 f=0x00000003
  PTE written: 0xFD6EA003
MAP_PAGE: v=0x206EB000 p=0xFD6EB000 f=0x00000003
  PTE written: 0xFD6EB003
MAP_PAGE: v=0x206EC000 p=0xFD6EC000 f=0x00000003
  PTE written: 0xFD6EC003
MAP_PAGE: v=0x206ED000 p=0xFD6ED000 f=0x00000003
  PTE written: 0xFD6ED003
MAP_PAGE: v=0x206EE000 p=0xFD6EE000 f=0x00000003
  PTE written: 0xFD6EE003
MAP_PAGE: v=0x206EF000 p=0xFD6EF000 f=0x00000003
  PTE written: 0xFD6EF003
MAP_PAGE: v=0x206F0000 p=0xFD6F0000 f=0x00000003
  PTE written: 0xFD6F0003
MAP_PAGE: v=0x206F1000 p=0xFD6F1000 f=0x00000003
  PTE written: 0xFD6F1003
MAP_PAGE: v=0x206F2000 p=0xFD6F2000 f=0x00000003
  PTE written: 0xFD6F2003
MAP_PAGE: v=0x206F3000 p=0xFD6F3000 f=0x00000003
  PTE written: 0xFD6F3003
MAP_PAGE: v=0x206F4000 p=0xFD6F4000 f=0x00000003
  PTE written: 0xFD6F4003
MAP_PAGE: v=0x206F5000 p=0xFD6F5000 f=0x00000003
  PTE written: 0xFD6F5003
MAP_PAGE: v=0x206F6000 p=0xFD6F6000 f=0x00000003
  PTE written: 0xFD6F6003
MAP_PAGE: v=0x206F7000 p=0xFD6F7000 f=0x00000003
  PTE written: 0xFD6F7003
MAP_PAGE: v=0x206F8000 p=0xFD6F8000 f=0x00000003
  PTE written: 0xFD6F8003
MAP_PAGE: v=0x206F9000 p=0xFD6F9000 f=0x00000003
  PTE written: 0xFD6F9003
MAP_PAGE: v=0x206FA000 p=0xFD6FA000 f=0x00000003
  PTE written: 0xFD6FA003
MAP_PAGE: v=0x206FB000 p=0xFD6FB000 f=0x00000003
  PTE written: 0xFD6FB003
MAP_PAGE: v=0x206FC000 p=0xFD6FC000 f=0x00000003
  PTE written: 0xFD6FC003
MAP_PAGE: v=0x206FD000 p=0xFD6FD000 f=0x00000003
  PTE written: 0xFD6FD003
MAP_PAGE: v=0x206FE000 p=0xFD6FE000 f=0x00000003
  PTE written: 0xFD6FE003
MAP_PAGE: v=0x206FF000 p=0xFD6FF000 f=0x00000003
  PTE written: 0xFD6FF003
MAP_PAGE: v=0x20700000 p=0xFD700000 f=0x00000003
  PTE written: 0xFD700003
MAP_PAGE: v=0x20701000 p=0xFD701000 f=0x00000003
  PTE written: 0xFD701003
MAP_PAGE: v=0x20702000 p=0xFD702000 f=0x00000003
  PTE written: 0xFD702003
MAP_PAGE: v=0x20703000 p=0xFD703000 f=0x00000003
  PTE written: 0xFD703003
MAP_PAGE: v=0x20704000 p=0xFD704000 f=0x00000003
  PTE written: 0xFD704003
MAP_PAGE: v=0x20705000 p=0xFD705000 f=0x00000003
  PTE written: 0xFD705003
MAP_PAGE: v=0x20706000 p=0xFD706000 f=0x00000003
  PTE written: 0xFD706003
MAP_PAGE: v=0x20707000 p=0xFD707000 f=0x00000003
  PTE written: 0xFD707003
MAP_PAGE: v=0x20708000 p=0xFD708000 f=0x00000003
  PTE written: 0xFD708003
MAP_PAGE: v=0x20709000 p=0xFD709000 f=0x00000003
  PTE written: 0xFD709003
MAP_PAGE: v=0x2070A000 p=0xFD70A000 f=0x00000003
  PTE written: 0xFD70A003
MAP_PAGE: v=0x2070B000 p=0xFD70B000 f=0x00000003
  PTE written: 0xFD70B003
MAP_PAGE: v=0x2070C000 p=0xFD70C000 f=0x00000003
  PTE written: 0xFD70C003
MAP_PAGE: v=0x2070D000 p=0xFD70D000 f=0x00000003
  PTE written: 0xFD70D003
MAP_PAGE: v=0x2070E000 p=0xFD70E000 f=0x00000003
  PTE written: 0xFD70E003
MAP_PAGE: v=0x2070F000 p=0xFD70F000 f=0x00000003
  PTE written: 0xFD70F003
MAP_PAGE: v=0x20710000 p=0xFD710000 f=0x00000003
  PTE written: 0xFD710003
MAP_PAGE: v=0x20711000 p=0xFD711000 f=0x00000003
  PTE written: 0xFD711003
MAP_PAGE: v=0x20712000 p=0xFD712000 f=0x00000003
  PTE written: 0xFD712003
MAP_PAGE: v=0x20713000 p=0xFD713000 f=0x00000003
  PTE written: 0xFD713003
MAP_PAGE: v=0x20714000 p=0xFD714000 f=0x00000003
  PTE written: 0xFD714003
MAP_PAGE: v=0x20715000 p=0xFD715000 f=0x00000003
  PTE written: 0xFD715003
MAP_PAGE: v=0x20716000 p=0xFD716000 f=0x00000003
  PTE written: 0xFD716003
MAP_PAGE: v=0x20717000 p=0xFD717000 f=0x00000003
  PTE written: 0xFD717003
MAP_PAGE: v=0x20718000 p=0xFD718000 f=0x00000003
  PTE written: 0xFD718003
MAP_PAGE: v=0x20719000 p=0xFD719000 f=0x00000003
  PTE written: 0xFD719003
MAP_PAGE: v=0x2071A000 p=0xFD71A000 f=0x00000003
  PTE written: 0xFD71A003
MAP_PAGE: v=0x2071B000 p=0xFD71B000 f=0x00000003
  PTE written: 0xFD71B003
MAP_PAGE: v=0x2071C000 p=0xFD71C000 f=0x00000003
  PTE written: 0xFD71C003
MAP_PAGE: v=0x2071D000 p=0xFD71D000 f=0x00000003
  PTE written: 0xFD71D003
MAP_PAGE: v=0x2071E000 p=0xFD71E000 f=0x00000003
  PTE written: 0xFD71E003
MAP_PAGE: v=0x2071F000 p=0xFD71F000 f=0x00000003
  PTE written: 0xFD71F003
MAP_PAGE: v=0x20720000 p=0xFD720000 f=0x00000003
  PTE written: 0xFD720003
MAP_PAGE: v=0x20721000 p=0xFD721000 f=0x00000003
  PTE written: 0xFD721003
MAP_PAGE: v=0x20722000 p=0xFD722000 f=0x00000003
  PTE written: 0xFD722003
MAP_PAGE: v=0x20723000 p=0xFD723000 f=0x00000003
  PTE written: 0xFD723003
MAP_PAGE: v=0x20724000 p=0xFD724000 f=0x00000003
  PTE written: 0xFD724003
MAP_PAGE: v=0x20725000 p=0xFD725000 f=0x00000003
  PTE written: 0xFD725003
MAP_PAGE: v=0x20726000 p=0xFD726000 f=0x00000003
  PTE written: 0xFD726003
MAP_PAGE: v=0x20727000 p=0xFD727000 f=0x00000003
  PTE written: 0xFD727003
MAP_PAGE: v=0x20728000 p=0xFD728000 f=0x00000003
  PTE written: 0xFD728003
MAP_PAGE: v=0x20729000 p=0xFD729000 f=0x00000003
  PTE written: 0xFD729003
MAP_PAGE: v=0x2072A000 p=0xFD72A000 f=0x00000003
  PTE written: 0xFD72A003
MAP_PAGE: v=0x2072B000 p=0xFD72B000 f=0x00000003
  PTE written: 0xFD72B003
MAP_PAGE: v=0x2072C000 p=0xFD72C000 f=0x00000003
  PTE written: 0xFD72C003
MAP_PAGE: v=0x2072D000 p=0xFD72D000 f=0x00000003
  PTE written: 0xFD72D003
MAP_PAGE: v=0x2072E000 p=0xFD72E000 f=0x00000003
  PTE written: 0xFD72E003
MAP_PAGE: v=0x2072F000 p=0xFD72F000 f=0x00000003
  PTE written: 0xFD72F003
MAP_PAGE: v=0x20730000 p=0xFD730000 f=0x00000003
  PTE written: 0xFD730003
MAP_PAGE: v=0x20731000 p=0xFD731000 f=0x00000003
  PTE written: 0xFD731003
MAP_PAGE: v=0x20732000 p=0xFD732000 f=0x00000003
  PTE written: 0xFD732003
MAP_PAGE: v=0x20733000 p=0xFD733000 f=0x00000003
  PTE written: 0xFD733003
MAP_PAGE: v=0x20734000 p=0xFD734000 f=0x00000003
  PTE written: 0xFD734003
MAP_PAGE: v=0x20735000 p=0xFD735000 f=0x00000003
  PTE written: 0xFD735003
MAP_PAGE: v=0x20736000 p=0xFD736000 f=0x00000003
  PTE written: 0xFD736003
MAP_PAGE: v=0x20737000 p=0xFD737000 f=0x00000003
  PTE written: 0xFD737003
MAP_PAGE: v=0x20738000 p=0xFD738000 f=0x00000003
  PTE written: 0xFD738003
MAP_PAGE: v=0x20739000 p=0xFD739000 f=0x00000003
  PTE written: 0xFD739003
MAP_PAGE: v=0x2073A000 p=0xFD73A000 f=0x00000003
  PTE written: 0xFD73A003
MAP_PAGE: v=0x2073B000 p=0xFD73B000 f=0x00000003
  PTE written: 0xFD73B003
MAP_PAGE: v=0x2073C000 p=0xFD73C000 f=0x00000003
  PTE written: 0xFD73C003
MAP_PAGE: v=0x2073D000 p=0xFD73D000 f=0x00000003
  PTE written: 0xFD73D003
MAP_PAGE: v=0x2073E000 p=0xFD73E000 f=0x00000003
  PTE written: 0xFD73E003
MAP_PAGE: v=0x2073F000 p=0xFD73F000 f=0x00000003
  PTE written: 0xFD73F003
MAP_PAGE: v=0x20740000 p=0xFD740000 f=0x00000003
  PTE written: 0xFD740003
MAP_PAGE: v=0x20741000 p=0xFD741000 f=0x00000003
  PTE written: 0xFD741003
MAP_PAGE: v=0x20742000 p=0xFD742000 f=0x00000003
  PTE written: 0xFD742003
MAP_PAGE: v=0x20743000 p=0xFD743000 f=0x00000003
  PTE written: 0xFD743003
MAP_PAGE: v=0x20744000 p=0xFD744000 f=0x00000003
  PTE written: 0xFD744003
MAP_PAGE: v=0x20745000 p=0xFD745000 f=0x00000003
  PTE written: 0xFD745003
MAP_PAGE: v=0x20746000 p=0xFD746000 f=0x00000003
  PTE written: 0xFD746003
MAP_PAGE: v=0x20747000 p=0xFD747000 f=0x00000003
  PTE written: 0xFD747003
MAP_PAGE: v=0x20748000 p=0xFD748000 f=0x00000003
  PTE written: 0xFD748003
MAP_PAGE: v=0x20749000 p=0xFD749000 f=0x00000003
  PTE written: 0xFD749003
MAP_PAGE: v=0x2074A000 p=0xFD74A000 f=0x00000003
  PTE written: 0xFD74A003
MAP_PAGE: v=0x2074B000 p=0xFD74B000 f=0x00000003
  PTE written: 0xFD74B003
MAP_PAGE: v=0x2074C000 p=0xFD74C000 f=0x00000003
  PTE written: 0xFD74C003
MAP_PAGE: v=0x2074D000 p=0xFD74D000 f=0x00000003
  PTE written: 0xFD74D003
MAP_PAGE: v=0x2074E000 p=0xFD74E000 f=0x00000003
  PTE written: 0xFD74E003
MAP_PAGE: v=0x2074F000 p=0xFD74F000 f=0x00000003
  PTE written: 0xFD74F003
MAP_PAGE: v=0x20750000 p=0xFD750000 f=0x00000003
  PTE written: 0xFD750003
MAP_PAGE: v=0x20751000 p=0xFD751000 f=0x00000003
  PTE written: 0xFD751003
MAP_PAGE: v=0x20752000 p=0xFD752000 f=0x00000003
  PTE written: 0xFD752003
MAP_PAGE: v=0x20753000 p=0xFD753000 f=0x00000003
  PTE written: 0xFD753003
MAP_PAGE: v=0x20754000 p=0xFD754000 f=0x00000003
  PTE written: 0xFD754003
MAP_PAGE: v=0x20755000 p=0xFD755000 f=0x00000003
  PTE written: 0xFD755003
MAP_PAGE: v=0x20756000 p=0xFD756000 f=0x00000003
  PTE written: 0xFD756003
MAP_PAGE: v=0x20757000 p=0xFD757000 f=0x00000003
  PTE written: 0xFD757003
MAP_PAGE: v=0x20758000 p=0xFD758000 f=0x00000003
  PTE written: 0xFD758003
MAP_PAGE: v=0x20759000 p=0xFD759000 f=0x00000003
  PTE written: 0xFD759003
MAP_PAGE: v=0x2075A000 p=0xFD75A000 f=0x00000003
  PTE written: 0xFD75A003
MAP_PAGE: v=0x2075B000 p=0xFD75B000 f=0x00000003
  PTE written: 0xFD75B003
MAP_PAGE: v=0x2075C000 p=0xFD75C000 f=0x00000003
  PTE written: 0xFD75C003
MAP_PAGE: v=0x2075D000 p=0xFD75D000 f=0x00000003
  PTE written: 0xFD75D003
MAP_PAGE: v=0x2075E000 p=0xFD75E000 f=0x00000003
  PTE written: 0xFD75E003
MAP_PAGE: v=0x2075F000 p=0xFD75F000 f=0x00000003
  PTE written: 0xFD75F003
MAP_PAGE: v=0x20760000 p=0xFD760000 f=0x00000003
  PTE written: 0xFD760003
MAP_PAGE: v=0x20761000 p=0xFD761000 f=0x00000003
  PTE written: 0xFD761003
MAP_PAGE: v=0x20762000 p=0xFD762000 f=0x00000003
  PTE written: 0xFD762003
MAP_PAGE: v=0x20763000 p=0xFD763000 f=0x00000003
  PTE written: 0xFD763003
MAP_PAGE: v=0x20764000 p=0xFD764000 f=0x00000003
  PTE written: 0xFD764003
MAP_PAGE: v=0x20765000 p=0xFD765000 f=0x00000003
  PTE written: 0xFD765003
MAP_PAGE: v=0x20766000 p=0xFD766000 f=0x00000003
  PTE written: 0xFD766003
MAP_PAGE: v=0x20767000 p=0xFD767000 f=0x00000003
  PTE written: 0xFD767003
MAP_PAGE: v=0x20768000 p=0xFD768000 f=0x00000003
  PTE written: 0xFD768003
MAP_PAGE: v=0x20769000 p=0xFD769000 f=0x00000003
  PTE written: 0xFD769003
MAP_PAGE: v=0x2076A000 p=0xFD76A000 f=0x00000003
  PTE written: 0xFD76A003
MAP_PAGE: v=0x2076B000 p=0xFD76B000 f=0x00000003
  PTE written: 0xFD76B003
MAP_PAGE: v=0x2076C000 p=0xFD76C000 f=0x00000003
  PTE written: 0xFD76C003
MAP_PAGE: v=0x2076D000 p=0xFD76D000 f=0x00000003
  PTE written: 0xFD76D003
MAP_PAGE: v=0x2076E000 p=0xFD76E000 f=0x00000003
  PTE written: 0xFD76E003
MAP_PAGE: v=0x2076F000 p=0xFD76F000 f=0x00000003
  PTE written: 0xFD76F003
MAP_PAGE: v=0x20770000 p=0xFD770000 f=0x00000003
  PTE written: 0xFD770003
MAP_PAGE: v=0x20771000 p=0xFD771000 f=0x00000003
  PTE written: 0xFD771003
MAP_PAGE: v=0x20772000 p=0xFD772000 f=0x00000003
  PTE written: 0xFD772003
MAP_PAGE: v=0x20773000 p=0xFD773000 f=0x00000003
  PTE written: 0xFD773003
MAP_PAGE: v=0x20774000 p=0xFD774000 f=0x00000003
  PTE written: 0xFD774003
MAP_PAGE: v=0x20775000 p=0xFD775000 f=0x00000003
  PTE written: 0xFD775003
MAP_PAGE: v=0x20776000 p=0xFD776000 f=0x00000003
  PTE written: 0xFD776003
MAP_PAGE: v=0x20777000 p=0xFD777000 f=0x00000003
  PTE written: 0xFD777003
MAP_PAGE: v=0x20778000 p=0xFD778000 f=0x00000003
  PTE written: 0xFD778003
MAP_PAGE: v=0x20779000 p=0xFD779000 f=0x00000003
  PTE written: 0xFD779003
MAP_PAGE: v=0x2077A000 p=0xFD77A000 f=0x00000003
  PTE written: 0xFD77A003
MAP_PAGE: v=0x2077B000 p=0xFD77B000 f=0x00000003
  PTE written: 0xFD77B003
MAP_PAGE: v=0x2077C000 p=0xFD77C000 f=0x00000003
  PTE written: 0xFD77C003
MAP_PAGE: v=0x2077D000 p=0xFD77D000 f=0x00000003
  PTE written: 0xFD77D003
MAP_PAGE: v=0x2077E000 p=0xFD77E000 f=0x00000003
  PTE written: 0xFD77E003
MAP_PAGE: v=0x2077F000 p=0xFD77F000 f=0x00000003
  PTE written: 0xFD77F003
MAP_PAGE: v=0x20780000 p=0xFD780000 f=0x00000003
  PTE written: 0xFD780003
MAP_PAGE: v=0x20781000 p=0xFD781000 f=0x00000003
  PTE written: 0xFD781003
MAP_PAGE: v=0x20782000 p=0xFD782000 f=0x00000003
  PTE written: 0xFD782003
MAP_PAGE: v=0x20783000 p=0xFD783000 f=0x00000003
  PTE written: 0xFD783003
MAP_PAGE: v=0x20784000 p=0xFD784000 f=0x00000003
  PTE written: 0xFD784003
MAP_PAGE: v=0x20785000 p=0xFD785000 f=0x00000003
  PTE written: 0xFD785003
MAP_PAGE: v=0x20786000 p=0xFD786000 f=0x00000003
  PTE written: 0xFD786003
MAP_PAGE: v=0x20787000 p=0xFD787000 f=0x00000003
  PTE written: 0xFD787003
MAP_PAGE: v=0x20788000 p=0xFD788000 f=0x00000003
  PTE written: 0xFD788003
MAP_PAGE: v=0x20789000 p=0xFD789000 f=0x00000003
  PTE written: 0xFD789003
MAP_PAGE: v=0x2078A000 p=0xFD78A000 f=0x00000003
  PTE written: 0xFD78A003
MAP_PAGE: v=0x2078B000 p=0xFD78B000 f=0x00000003
  PTE written: 0xFD78B003
MAP_PAGE: v=0x2078C000 p=0xFD78C000 f=0x00000003
  PTE written: 0xFD78C003
MAP_PAGE: v=0x2078D000 p=0xFD78D000 f=0x00000003
  PTE written: 0xFD78D003
MAP_PAGE: v=0x2078E000 p=0xFD78E000 f=0x00000003
  PTE written: 0xFD78E003
MAP_PAGE: v=0x2078F000 p=0xFD78F000 f=0x00000003
  PTE written: 0xFD78F003
MAP_PAGE: v=0x20790000 p=0xFD790000 f=0x00000003
  PTE written: 0xFD790003
MAP_PAGE: v=0x20791000 p=0xFD791000 f=0x00000003
  PTE written: 0xFD791003
MAP_PAGE: v=0x20792000 p=0xFD792000 f=0x00000003
  PTE written: 0xFD792003
MAP_PAGE: v=0x20793000 p=0xFD793000 f=0x00000003
  PTE written: 0xFD793003
MAP_PAGE: v=0x20794000 p=0xFD794000 f=0x00000003
  PTE written: 0xFD794003
MAP_PAGE: v=0x20795000 p=0xFD795000 f=0x00000003
  PTE written: 0xFD795003
MAP_PAGE: v=0x20796000 p=0xFD796000 f=0x00000003
  PTE written: 0xFD796003
MAP_PAGE: v=0x20797000 p=0xFD797000 f=0x00000003
  PTE written: 0xFD797003
MAP_PAGE: v=0x20798000 p=0xFD798000 f=0x00000003
  PTE written: 0xFD798003
MAP_PAGE: v=0x20799000 p=0xFD799000 f=0x00000003
  PTE written: 0xFD799003
MAP_PAGE: v=0x2079A000 p=0xFD79A000 f=0x00000003
  PTE written: 0xFD79A003
MAP_PAGE: v=0x2079B000 p=0xFD79B000 f=0x00000003
  PTE written: 0xFD79B003
MAP_PAGE: v=0x2079C000 p=0xFD79C000 f=0x00000003
  PTE written: 0xFD79C003
MAP_PAGE: v=0x2079D000 p=0xFD79D000 f=0x00000003
  PTE written: 0xFD79D003
MAP_PAGE: v=0x2079E000 p=0xFD79E000 f=0x00000003
  PTE written: 0xFD79E003
MAP_PAGE: v=0x2079F000 p=0xFD79F000 f=0x00000003
  PTE written: 0xFD79F003
MAP_PAGE: v=0x207A0000 p=0xFD7A0000 f=0x00000003
  PTE written: 0xFD7A0003
MAP_PAGE: v=0x207A1000 p=0xFD7A1000 f=0x00000003
  PTE written: 0xFD7A1003
MAP_PAGE: v=0x207A2000 p=0xFD7A2000 f=0x00000003
  PTE written: 0xFD7A2003
MAP_PAGE: v=0x207A3000 p=0xFD7A3000 f=0x00000003
  PTE written: 0xFD7A3003
MAP_PAGE: v=0x207A4000 p=0xFD7A4000 f=0x00000003
  PTE written: 0xFD7A4003
MAP_PAGE: v=0x207A5000 p=0xFD7A5000 f=0x00000003
  PTE written: 0xFD7A5003
MAP_PAGE: v=0x207A6000 p=0xFD7A6000 f=0x00000003
  PTE written: 0xFD7A6003
MAP_PAGE: v=0x207A7000 p=0xFD7A7000 f=0x00000003
  PTE written: 0xFD7A7003
MAP_PAGE: v=0x207A8000 p=0xFD7A8000 f=0x00000003
  PTE written: 0xFD7A8003
MAP_PAGE: v=0x207A9000 p=0xFD7A9000 f=0x00000003
  PTE written: 0xFD7A9003
MAP_PAGE: v=0x207AA000 p=0xFD7AA000 f=0x00000003
  PTE written: 0xFD7AA003
MAP_PAGE: v=0x207AB000 p=0xFD7AB000 f=0x00000003
  PTE written: 0xFD7AB003
MAP_PAGE: v=0x207AC000 p=0xFD7AC000 f=0x00000003
  PTE written: 0xFD7AC003
MAP_PAGE: v=0x207AD000 p=0xFD7AD000 f=0x00000003
  PTE written: 0xFD7AD003
MAP_PAGE: v=0x207AE000 p=0xFD7AE000 f=0x00000003
  PTE written: 0xFD7AE003
MAP_PAGE: v=0x207AF000 p=0xFD7AF000 f=0x00000003
  PTE written: 0xFD7AF003
MAP_PAGE: v=0x207B0000 p=0xFD7B0000 f=0x00000003
  PTE written: 0xFD7B0003
MAP_PAGE: v=0x207B1000 p=0xFD7B1000 f=0x00000003
  PTE written: 0xFD7B1003
MAP_PAGE: v=0x207B2000 p=0xFD7B2000 f=0x00000003
  PTE written: 0xFD7B2003
MAP_PAGE: v=0x207B3000 p=0xFD7B3000 f=0x00000003
  PTE written: 0xFD7B3003
MAP_PAGE: v=0x207B4000 p=0xFD7B4000 f=0x00000003
  PTE written: 0xFD7B4003
MAP_PAGE: v=0x207B5000 p=0xFD7B5000 f=0x00000003
  PTE written: 0xFD7B5003
MAP_PAGE: v=0x207B6000 p=0xFD7B6000 f=0x00000003
  PTE written: 0xFD7B6003
MAP_PAGE: v=0x207B7000 p=0xFD7B7000 f=0x00000003
  PTE written: 0xFD7B7003
MAP_PAGE: v=0x207B8000 p=0xFD7B8000 f=0x00000003
  PTE written: 0xFD7B8003
MAP_PAGE: v=0x207B9000 p=0xFD7B9000 f=0x00000003
  PTE written: 0xFD7B9003
MAP_PAGE: v=0x207BA000 p=0xFD7BA000 f=0x00000003
  PTE written: 0xFD7BA003
MAP_PAGE: v=0x207BB000 p=0xFD7BB000 f=0x00000003
  PTE written: 0xFD7BB003
MAP_PAGE: v=0x207BC000 p=0xFD7BC000 f=0x00000003
  PTE written: 0xFD7BC003
MAP_PAGE: v=0x207BD000 p=0xFD7BD000 f=0x00000003
  PTE written: 0xFD7BD003
MAP_PAGE: v=0x207BE000 p=0xFD7BE000 f=0x00000003
  PTE written: 0xFD7BE003
MAP_PAGE: v=0x207BF000 p=0xFD7BF000 f=0x00000003
  PTE written: 0xFD7BF003
MAP_PAGE: v=0x207C0000 p=0xFD7C0000 f=0x00000003
  PTE written: 0xFD7C0003
MAP_PAGE: v=0x207C1000 p=0xFD7C1000 f=0x00000003
  PTE written: 0xFD7C1003
MAP_PAGE: v=0x207C2000 p=0xFD7C2000 f=0x00000003
  PTE written: 0xFD7C2003
MAP_PAGE: v=0x207C3000 p=0xFD7C3000 f=0x00000003
  PTE written: 0xFD7C3003
MAP_PAGE: v=0x207C4000 p=0xFD7C4000 f=0x00000003
  PTE written: 0xFD7C4003
MAP_PAGE: v=0x207C5000 p=0xFD7C5000 f=0x00000003
  PTE written: 0xFD7C5003
MAP_PAGE: v=0x207C6000 p=0xFD7C6000 f=0x00000003
  PTE written: 0xFD7C6003
MAP_PAGE: v=0x207C7000 p=0xFD7C7000 f=0x00000003
  PTE written: 0xFD7C7003
MAP_PAGE: v=0x207C8000 p=0xFD7C8000 f=0x00000003
  PTE written: 0xFD7C8003
MAP_PAGE: v=0x207C9000 p=0xFD7C9000 f=0x00000003
  PTE written: 0xFD7C9003
MAP_PAGE: v=0x207CA000 p=0xFD7CA000 f=0x00000003
  PTE written: 0xFD7CA003
MAP_PAGE: v=0x207CB000 p=0xFD7CB000 f=0x00000003
  PTE written: 0xFD7CB003
MAP_PAGE: v=0x207CC000 p=0xFD7CC000 f=0x00000003
  PTE written: 0xFD7CC003
MAP_PAGE: v=0x207CD000 p=0xFD7CD000 f=0x00000003
  PTE written: 0xFD7CD003
MAP_PAGE: v=0x207CE000 p=0xFD7CE000 f=0x00000003
  PTE written: 0xFD7CE003
MAP_PAGE: v=0x207CF000 p=0xFD7CF000 f=0x00000003
  PTE written: 0xFD7CF003
MAP_PAGE: v=0x207D0000 p=0xFD7D0000 f=0x00000003
  PTE written: 0xFD7D0003
MAP_PAGE: v=0x207D1000 p=0xFD7D1000 f=0x00000003
  PTE written: 0xFD7D1003
MAP_PAGE: v=0x207D2000 p=0xFD7D2000 f=0x00000003
  PTE written: 0xFD7D2003
MAP_PAGE: v=0x207D3000 p=0xFD7D3000 f=0x00000003
  PTE written: 0xFD7D3003
MAP_PAGE: v=0x207D4000 p=0xFD7D4000 f=0x00000003
  PTE written: 0xFD7D4003
MAP_PAGE: v=0x207D5000 p=0xFD7D5000 f=0x00000003
  PTE written: 0xFD7D5003
MAP_PAGE: v=0x207D6000 p=0xFD7D6000 f=0x00000003
  PTE written: 0xFD7D6003
MAP_PAGE: v=0x207D7000 p=0xFD7D7000 f=0x00000003
  PTE written: 0xFD7D7003
MAP_PAGE: v=0x207D8000 p=0xFD7D8000 f=0x00000003
  PTE written: 0xFD7D8003
MAP_PAGE: v=0x207D9000 p=0xFD7D9000 f=0x00000003
  PTE written: 0xFD7D9003
MAP_PAGE: v=0x207DA000 p=0xFD7DA000 f=0x00000003
  PTE written: 0xFD7DA003
MAP_PAGE: v=0x207DB000 p=0xFD7DB000 f=0x00000003
  PTE written: 0xFD7DB003
MAP_PAGE: v=0x207DC000 p=0xFD7DC000 f=0x00000003
  PTE written: 0xFD7DC003
MAP_PAGE: v=0x207DD000 p=0xFD7DD000 f=0x00000003
  PTE written: 0xFD7DD003
MAP_PAGE: v=0x207DE000 p=0xFD7DE000 f=0x00000003
  PTE written: 0xFD7DE003
MAP_PAGE: v=0x207DF000 p=0xFD7DF000 f=0x00000003
  PTE written: 0xFD7DF003
MAP_PAGE: v=0x207E0000 p=0xFD7E0000 f=0x00000003
  PTE written: 0xFD7E0003
MAP_PAGE: v=0x207E1000 p=0xFD7E1000 f=0x00000003
  PTE written: 0xFD7E1003
MAP_PAGE: v=0x207E2000 p=0xFD7E2000 f=0x00000003
  PTE written: 0xFD7E2003
MAP_PAGE: v=0x207E3000 p=0xFD7E3000 f=0x00000003
  PTE written: 0xFD7E3003
MAP_PAGE: v=0x207E4000 p=0xFD7E4000 f=0x00000003
  PTE written: 0xFD7E4003
MAP_PAGE: v=0x207E5000 p=0xFD7E5000 f=0x00000003
  PTE written: 0xFD7E5003
MAP_PAGE: v=0x207E6000 p=0xFD7E6000 f=0x00000003
  PTE written: 0xFD7E6003
MAP_PAGE: v=0x207E7000 p=0xFD7E7000 f=0x00000003
  PTE written: 0xFD7E7003
MAP_PAGE: v=0x207E8000 p=0xFD7E8000 f=0x00000003
  PTE written: 0xFD7E8003
MAP_PAGE: v=0x207E9000 p=0xFD7E9000 f=0x00000003
  PTE written: 0xFD7E9003
MAP_PAGE: v=0x207EA000 p=0xFD7EA000 f=0x00000003
  PTE written: 0xFD7EA003
MAP_PAGE: v=0x207EB000 p=0xFD7EB000 f=0x00000003
  PTE written: 0xFD7EB003
MAP_PAGE: v=0x207EC000 p=0xFD7EC000 f=0x00000003
  PTE written: 0xFD7EC003
MAP_PAGE: v=0x207ED000 p=0xFD7ED000 f=0x00000003
  PTE written: 0xFD7ED003
MAP_PAGE: v=0x207EE000 p=0xFD7EE000 f=0x00000003
  PTE written: 0xFD7EE003
MAP_PAGE: v=0x207EF000 p=0xFD7EF000 f=0x00000003
  PTE written: 0xFD7EF003
MAP_PAGE: v=0x207F0000 p=0xFD7F0000 f=0x00000003
  PTE written: 0xFD7F0003
MAP_PAGE: v=0x207F1000 p=0xFD7F1000 f=0x00000003
  PTE written: 0xFD7F1003
MAP_PAGE: v=0x207F2000 p=0xFD7F2000 f=0x00000003
  PTE written: 0xFD7F2003
MAP_PAGE: v=0x207F3000 p=0xFD7F3000 f=0x00000003
  PTE written: 0xFD7F3003
MAP_PAGE: v=0x207F4000 p=0xFD7F4000 f=0x00000003
  PTE written: 0xFD7F4003
MAP_PAGE: v=0x207F5000 p=0xFD7F5000 f=0x00000003
  PTE written: 0xFD7F5003
MAP_PAGE: v=0x207F6000 p=0xFD7F6000 f=0x00000003
  PTE written: 0xFD7F6003
MAP_PAGE: v=0x207F7000 p=0xFD7F7000 f=0x00000003
  PTE written: 0xFD7F7003
MAP_PAGE: v=0x207F8000 p=0xFD7F8000 f=0x00000003
  PTE written: 0xFD7F8003
MAP_PAGE: v=0x207F9000 p=0xFD7F9000 f=0x00000003
  PTE written: 0xFD7F9003
MAP_PAGE: v=0x207FA000 p=0xFD7FA000 f=0x00000003
  PTE written: 0xFD7FA003
MAP_PAGE: v=0x207FB000 p=0xFD7FB000 f=0x00000003
  PTE written: 0xFD7FB003
MAP_PAGE: v=0x207FC000 p=0xFD7FC000 f=0x00000003
  PTE written: 0xFD7FC003
MAP_PAGE: v=0x207FD000 p=0xFD7FD000 f=0x00000003
  PTE written: 0xFD7FD003
MAP_PAGE: v=0x207FE000 p=0xFD7FE000 f=0x00000003
  PTE written: 0xFD7FE003
MAP_PAGE: v=0x207FF000 p=0xFD7FF000 f=0x00000003
  PTE written: 0xFD7FF003
virtio-input: === INIT START ===
virtio-input: trying device #0 at 0:4.0 (irq=11)
virtio: init_pci device 0x00001AF4:0x00001052 at 0:4.0
virtio: cap type=5 bar=0 off=0x00000000 len=0x00000000
virtio: cap type=2 bar=4 off=0x00003000 len=0x00001000
MAP_PAGE: v=0x30000000 p=0xFE007000 f=0x00000013
  PTE written: 0xFE007013
Mapped 4096 bytes at v=0x30000000 (phys=0xFE007000)
  Test read[0] = 02x
  Test write/read-back = 02x
notify OK at 0x30000000 mul=4
virtio: cap type=4 bar=4 off=0x00002000 len=0x00001000
virtio: cap type=3 bar=4 off=0x00001000 len=0x00001000
virtio: cap type=1 bar=4 off=0x00000000 len=0x00001000
MAP_PAGE: v=0x30011000 p=0xFE004000 f=0x00000013
  PTE written: 0xFE004013
Mapped 4096 bytes at v=0x30011000 (phys=0xFE004000)
  Test read[0] = 02x
  Test write/read-back = 02x
common_cfg mapped OK at 0x30011000 (expecting 0x00001000 bytes)
virtio: WARNING - no ISR cap
virtio: features[lo]=08x [hi]=08x
virtio: device has 2 queues
virtio: setting up queue 0, size=64
virtio: queue 0 ready (desc=0x0D042000 avail=0x0D042400 used=0x0D042486 notify_off=0)
virtio: device status = 0x0000000F (DRIVER_OK)
virtio-input: no device_cfg, assuming tablet
virtio-input: device #0 is a pointer — using it
virtio-input: posted 62 event buffers (queue size=64 free=2)
virtio-input: === INIT OK === abs_max=32767,32767 screen=1919,1079
mouse: virtio-input available as fallback
virtio-input: bounds set to 1279 x 719
GUI: wallpaper found '/disk2/background.png' size=626139
GUI: wallpaper read got=626139 bytes
image_load: '/disk2/background.png' size=626139 bytes
image_load: detected PNG by magic
PNG: loading 626139 bytes
PNG: IHDR 800x533 depth=8 ctype=2 interlace=0
PNG: collected 625773 bytes of IDAT data
PNG: decompressing 625773 bytes, expecting 1279733 raw bytes (bpp=3)
DEFLATE: block 0 dynamic hlit=271 hdist=30 lit_nodes=164 dist_nodes=29
DEFLATE: block 1 dynamic hlit=270 hdist=30 lit_nodes=170 dist_nodes=29
DEFLATE: block 2 dynamic hlit=275 hdist=30 lit_nodes=181 dist_nodes=29
DEFLATE: block 3 dynamic hlit=269 hdist=30 lit_nodes=167 dist_nodes=28
DEFLATE: block 4 dynamic hlit=271 hdist=30 lit_nodes=194 dist_nodes=27
DEFLATE: block 5 dynamic hlit=270 hdist=30 lit_nodes=199 dist_nodes=26
DEFLATE: block 6 dynamic hlit=270 hdist=30 lit_nodes=186 dist_nodes=27
DEFLATE: block 7 dynamic hlit=271 hdist=30 lit_nodes=180 dist_nodes=25
DEFLATE: block 8 dynamic hlit=271 hdist=30 lit_nodes=176 dist_nodes=27
DEFLATE: block 9 dynamic hlit=270 hdist=30 lit_nodes=195 dist_nodes=24
DEFLATE: block 10 dynamic hlit=271 hdist=30 lit_nodes=172 dist_nodes=26
DEFLATE: block 11 dynamic hlit=270 hdist=30 lit_nodes=202 dist_nodes=26
DEFLATE: block 12 dynamic hlit=270 hdist=30 lit_nodes=171 dist_nodes=26
DEFLATE: block 13 dynamic hlit=271 hdist=30 lit_nodes=165 dist_nodes=27
DEFLATE: block 14 dynamic hlit=271 hdist=30 lit_nodes=177 dist_nodes=27
DEFLATE: block 15 dynamic hlit=272 hdist=30 lit_nodes=144 dist_nodes=25
DEFLATE: block 16 dynamic hlit=273 hdist=30 lit_nodes=166 dist_nodes=26
DEFLATE: block 17 dynamic hlit=273 hdist=30 lit_nodes=150 dist_nodes=26
DEFLATE: block 18 dynamic hlit=275 hdist=30 lit_nodes=146 dist_nodes=25
DEFLATE: block 19 dynamic hlit=272 hdist=30 lit_nodes=138 dist_nodes=26
DEFLATE: block 20 dynamic hlit=272 hdist=30 lit_nodes=145 dist_nodes=27
DEFLATE: block 21 dynamic hlit=274 hdist=30 lit_nodes=133 dist_nodes=27
DEFLATE: done, 22 blocks, 1279733 bytes output
PNG: zlib_decompress returned 1279733 (need 1279733)
PNG: successfully decoded 800x533 image
image_load: result=OK valid=yes 800x533
GUI: wallpaper decoded 800x533, scaling to 1280x720
vi: xy=362,331 btn=0x00000000 tot=99 used=99 avail=161
GUI: open_window(Terminal, 60,30, 520x380, app=7)
GUI: find_free_window returned 0
GUI: clearing window struct at 0x00B9E1A0 (size=1104)
GUI: setting window fields
GUI: calling bring_to_front(0)
GUI: open_window complete, returning 7
GUI: open_window(Calculator, 220,80, 195x185, app=2)
GUI: find_free_window returned 0
GUI: clearing window struct at 0x00B9E1A0 (size=1104)
GUI: setting window fields
GUI: calling bring_to_front(0)
GUI: open_window complete, returning 7
vi: xy=150,434 btn=0x00000000 tot=733 used=733 avail=795
GUI: open_window(My Computer, 150,50, 280x340, app=3)
GUI: find_free_window returned 0
GUI: clearing window struct at 0x00B9E1A0 (size=1104)
GUI: setting window fields
GUI: calling bring_to_front(0)
GUI: open_window complete, returning 7
vi: xy=701,209 btn=0x00000001 tot=1483 used=1483 avail=1545
GUI: open_window(3D Demo, 100,60, 398x315, app=6)
GUI: find_free_window returned 0
GUI: clearing window struct at 0x00B9E1A0 (size=1104)
GUI: setting window fields
GUI: calling bring_to_front(0)
GUI: open_window complete, returning 7
vi: xy=446,195 btn=0x00000000 tot=2563 used=2563 avail=2625
ELF: loading 'hello' entry=0xC0000000 phnum=3
ELF:   LOAD vaddr=0xC0000000 memsz=0x00005EE0 filesz=0x000016E0 flags=0x00000007
MAP_PAGE: v=0x3FE00000 p=0x0D043000 f=0x00000003
  PTE written: 0x0D043003
MAP_PAGE: v=0x3FE01000 p=0x03EEA000 f=0x00000003
  PTE written: 0x03EEA003
MAP_PAGE: v=0x3FE00000 p=0x0D043000 f=0x00000003
  PTE written: 0x0D043003
MAP_PAGE: v=0x3FE01000 p=0x03EEA000 f=0x00000003
  PTE written: 0x03EEA003
MAP_PAGE: v=0x3FE00000 p=0x0D043000 f=0x00000003
  PTE written: 0x0D043003
MAP_PAGE: v=0x3FE01000 p=0x03EEA000 f=0x00000003
  PTE written: 0x03EEA003
MAP_PAGE: v=0x3FE00000 p=0x0D043000 f=0x00000003
  PTE written: 0x0D043003
MAP_PAGE: v=0x3FE01000 p=0x03EEA000 f=0x00000003
  PTE written: 0x03EEA003
MAP_PAGE: v=0x3FE00000 p=0x0D043000 f=0x00000003
  PTE written: 0x0D043003
MAP_PAGE: v=0x3FE01000 p=0x03EEA000 f=0x00000003
  PTE written: 0x03EEA003
MAP_PAGE: v=0x3FE00000 p=0x0D043000 f=0x00000003
  PTE written: 0x0D043003
MAP_PAGE: v=0x3FE01000 p=0x03EEA000 f=0x00000003
  PTE written: 0x03EEA003
MAP_PAGE: v=0x3FD00000 p=0x0D04A000 f=0x00000003
  PTE written: 0x0D04A003
MAP_PAGE: v=0x3FE00000 p=0x0D043000 f=0x00000003
  PTE written: 0x0D043003
MAP_PAGE: v=0x3FE01000 p=0x03F69000 f=0x00000003
  PTE written: 0x03F69003
MAP_PAGE: v=0x3FD00000 p=0x0D04B000 f=0x00000003
  PTE written: 0x0D04B003
MAP_PAGE: v=0x3FE00000 p=0x0D043000 f=0x00000003
  PTE written: 0x0D043003
MAP_PAGE: v=0x3FE01000 p=0x03F69000 f=0x00000003
  PTE written: 0x03F69003
MAP_PAGE: v=0x3FD00000 p=0x0D04C000 f=0x00000003
  PTE written: 0x0D04C003
MAP_PAGE: v=0x3FE00000 p=0x0D043000 f=0x00000003
  PTE written: 0x0D043003
MAP_PAGE: v=0x3FE01000 p=0x03F69000 f=0x00000003
  PTE written: 0x03F69003
MAP_PAGE: v=0x3FD00000 p=0x0D04D000 f=0x00000003
  PTE written: 0x0D04D003
MAP_PAGE: v=0x3FE00000 p=0x0D043000 f=0x00000003
  PTE written: 0x0D043003
MAP_PAGE: v=0x3FE01000 p=0x03F69000 f=0x00000003
  PTE written: 0x03F69003
ELF: loaded 'hello' as PID 5 (entry=0xC0000000, isolated address space)
GUI: open_window(User App, 150,100, 334x235, app=8)
GUI: find_free_window returned 0
GUI: clearing window struct at 0x00B9E1A0 (size=1104)
GUI: setting window fields
GUI: calling bring_to_front(0)
GUI: open_window complete, returning 7
MAP_PAGE: v=0x3FE00000 p=0x0D043000 f=0x00000003
  PTE written: 0x0D043003
MAP_PAGE: v=0x3FE01000 p=0x0D04F000 f=0x00000003
  PTE written: 0x0D04F003
MAP_PAGE: v=0x3FE01000 p=0x0D04F000 f=0x00000003
  PTE written: 0x0D04F003
MAP_PAGE: v=0x22000000 p=0x0D04E000 f=0x00000007
  PTE written: 0x0D04E007
MAP_PAGE: v=0x3FE00000 p=0x0D043000 f=0x00000003
  PTE written: 0x0D043003
MAP_PAGE: v=0x3FE01000 p=0x0D04F000 f=0x00000003
  PTE written: 0x0D04F003
MAP_PAGE: v=0x22001000 p=0x0D050000 f=0x00000007
  PTE written: 0x0D050007
MAP_PAGE: v=0x3FE00000 p=0x0D043000 f=0x00000003
  PTE written: 0x0D043003
MAP_PAGE: v=0x3FE01000 p=0x0D04F000 f=0x00000003
  PTE written: 0x0D04F003
MAP_PAGE: v=0x22002000 p=0x0D051000 f=0x00000007
  PTE written: 0x0D051007
MAP_PAGE: v=0x3FE00000 p=0x0D043000 f=0x00000003
  PTE written: 0x0D043003
MAP_PAGE: v=0x3FE01000 p=0x0D04F000 f=0x00000003
  PTE written: 0x0D04F003
MAP_PAGE: v=0x22003000 p=0x0D052000 f=0x00000007
  PTE written: 0x0D052007
MAP_PAGE: v=0x3FE00000 p=0x0D043000 f=0x00000003
  PTE written: 0x0D043003
MAP_PAGE: v=0x3FE01000 p=0x0D04F000 f=0x00000003
  PTE written: 0x0D04F003
MAP_PAGE: v=0x22004000 p=0x0D053000 f=0x00000007
  PTE written: 0x0D053007
MAP_PAGE: v=0x3FE00000 p=0x0D043000 f=0x00000003
  PTE written: 0x0D043003
MAP_PAGE: v=0x3FE01000 p=0x0D04F000 f=0x00000003
  PTE written: 0x0D04F003
MAP_PAGE: v=0x22005000 p=0x0D054000 f=0x00000007
  PTE written: 0x0D054007
MAP_PAGE: v=0x3FE00000 p=0x0D043000 f=0x00000003
  PTE written: 0x0D043003
MAP_PAGE: v=0x3FE01000 p=0x0D04F000 f=0x00000003
  PTE written: 0x0D04F003
MAP_PAGE: v=0x22006000 p=0x0D055000 f=0x00000007
  PTE written: 0x0D055007
MAP_PAGE: v=0x3FE00000 p=0x0D043000 f=0x00000003
  PTE written: 0x0D043003
MAP_PAGE: v=0x3FE01000 p=0x0D04F000 f=0x00000003
  PTE written: 0x0D04F003
MAP_PAGE: v=0x22007000 p=0x0D056000 f=0x00000007
  PTE written: 0x0D056007
MAP_PAGE: v=0x3FE00000 p=0x0D043000 f=0x00000003
  PTE written: 0x0D043003
MAP_PAGE: v=0x3FE01000 p=0x0D04F000 f=0x00000003
  PTE written: 0x0D04F003
MAP_PAGE: v=0x22008000 p=0x0D057000 f=0x00000007
  PTE written: 0x0D057007
MAP_PAGE: v=0x3FE00000 p=0x0D043000 f=0x00000003
  PTE written: 0x0D043003
MAP_PAGE: v=0x3FE01000 p=0x0D04F000 f=0x00000003
  PTE written: 0x0D04F003
MAP_PAGE: v=0x22009000 p=0x0D058000 f=0x00000007
  PTE written: 0x0D058007
MAP_PAGE: v=0x3FE00000 p=0x0D043000 f=0x00000003
  PTE written: 0x0D043003
MAP_PAGE: v=0x3FE01000 p=0x0D04F000 f=0x00000003
  PTE written: 0x0D04F003
MAP_PAGE: v=0x2200A000 p=0x0D059000 f=0x00000007
  PTE written: 0x0D059007
MAP_PAGE: v=0x3FE00000 p=0x0D043000 f=0x00000003
  PTE written: 0x0D043003
MAP_PAGE: v=0x3FE01000 p=0x0D04F000 f=0x00000003
  PTE written: 0x0D04F003
MAP_PAGE: v=0x2200B000 p=0x0D05A000 f=0x00000007
  PTE written: 0x0D05A007
MAP_PAGE: v=0x3FE00000 p=0x0D043000 f=0x00000003
  PTE written: 0x0D043003
MAP_PAGE: v=0x3FE01000 p=0x0D04F000 f=0x00000003
  PTE written: 0x0D04F003
MAP_PAGE: v=0x2200C000 p=0x0D05B000 f=0x00000007
  PTE written: 0x0D05B007
MAP_PAGE: v=0x3FE00000 p=0x0D043000 f=0x00000003
  PTE written: 0x0D043003
MAP_PAGE: v=0x3FE01000 p=0x0D04F000 f=0x00000003
  PTE written: 0x0D04F003
MAP_PAGE: v=0x2200D000 p=0x0D05C000 f=0x00000007
  PTE written: 0x0D05C007
MAP_PAGE: v=0x3FE00000 p=0x0D043000 f=0x00000003
  PTE written: 0x0D043003
MAP_PAGE: v=0x3FE01000 p=0x0D04F000 f=0x00000003
  PTE written: 0x0D04F003
MAP_PAGE: v=0x2200E000 p=0x0D05D000 f=0x00000007
  PTE written: 0x0D05D007
MAP_PAGE: v=0x3FE00000 p=0x0D043000 f=0x00000003
  PTE written: 0x0D043003
MAP_PAGE: v=0x3FE01000 p=0x0D04F000 f=0x00000003
  PTE written: 0x0D04F003
MAP_PAGE: v=0x2200F000 p=0x0D05E000 f=0x00000007
  PTE written: 0x0D05E007
MAP_PAGE: v=0x3FE00000 p=0x0D043000 f=0x00000003
  PTE written: 0x0D043003
MAP_PAGE: v=0x3FE01000 p=0x0D04F000 f=0x00000003
  PTE written: 0x0D04F003
MAP_PAGE: v=0x22010000 p=0x0D05F000 f=0x00000007
  PTE written: 0x0D05F007
MAP_PAGE: v=0x3FE00000 p=0x0D043000 f=0x00000003
  PTE written: 0x0D043003
MAP_PAGE: v=0x3FE01000 p=0x0D04F000 f=0x00000003
  PTE written: 0x0D04F003
MAP_PAGE: v=0x22011000 p=0x0D060000 f=0x00000007
  PTE written: 0x0D060007
MAP_PAGE: v=0x3FE00000 p=0x0D043000 f=0x00000003
  PTE written: 0x0D043003
MAP_PAGE: v=0x3FE01000 p=0x0D04F000 f=0x00000003
  PTE written: 0x0D04F003
MAP_PAGE: v=0x22012000 p=0x0D061000 f=0x00000007
  PTE written: 0x0D061007
MAP_PAGE: v=0x3FE00000 p=0x0D043000 f=0x00000003
  PTE written: 0x0D043003
MAP_PAGE: v=0x3FE01000 p=0x0D04F000 f=0x00000003
  PTE written: 0x0D04F003
MAP_PAGE: v=0x22013000 p=0x0D062000 f=0x00000007
  PTE written: 0x0D062007
MAP_PAGE: v=0x3FE00000 p=0x0D043000 f=0x00000003
  PTE written: 0x0D043003
MAP_PAGE: v=0x3FE01000 p=0x0D04F000 f=0x00000003
  PTE written: 0x0D04F003
MAP_PAGE: v=0x22014000 p=0x0D063000 f=0x00000007
  PTE written: 0x0D063007
MAP_PAGE: v=0x3FE00000 p=0x0D043000 f=0x00000003
  PTE written: 0x0D043003
MAP_PAGE: v=0x3FE01000 p=0x0D04F000 f=0x00000003
  PTE written: 0x0D04F003
MAP_PAGE: v=0x22015000 p=0x0D064000 f=0x00000007
  PTE written: 0x0D064007
MAP_PAGE: v=0x3FE00000 p=0x0D043000 f=0x00000003
  PTE written: 0x0D043003
MAP_PAGE: v=0x3FE01000 p=0x0D04F000 f=0x00000003
  PTE written: 0x0D04F003
MAP_PAGE: v=0x22016000 p=0x0D065000 f=0x00000007
  PTE written: 0x0D065007
MAP_PAGE: v=0x3FE00000 p=0x0D043000 f=0x00000003
  PTE written: 0x0D043003
MAP_PAGE: v=0x3FE01000 p=0x0D04F000 f=0x00000003
  PTE written: 0x0D04F003
MAP_PAGE: v=0x22017000 p=0x0D066000 f=0x00000007
  PTE written: 0x0D066007
MAP_PAGE: v=0x3FE00000 p=0x0D043000 f=0x00000003
  PTE written: 0x0D043003
MAP_PAGE: v=0x3FE01000 p=0x0D04F000 f=0x00000003
  PTE written: 0x0D04F003
MAP_PAGE: v=0x22018000 p=0x0D067000 f=0x00000007
  PTE written: 0x0D067007
MAP_PAGE: v=0x3FE00000 p=0x0D043000 f=0x00000003
  PTE written: 0x0D043003
MAP_PAGE: v=0x3FE01000 p=0x0D04F000 f=0x00000003
  PTE written: 0x0D04F003
MAP_PAGE: v=0x22019000 p=0x0D068000 f=0x00000007
  PTE written: 0x0D068007
MAP_PAGE: v=0x3FE00000 p=0x0D043000 f=0x00000003
  PTE written: 0x0D043003
MAP_PAGE: v=0x3FE01000 p=0x0D04F000 f=0x00000003
  PTE written: 0x0D04F003
MAP_PAGE: v=0x2201A000 p=0x0D069000 f=0x00000007
  PTE written: 0x0D069007
MAP_PAGE: v=0x3FE00000 p=0x0D043000 f=0x00000003
  PTE written: 0x0D043003
MAP_PAGE: v=0x3FE01000 p=0x0D04F000 f=0x00000003
  PTE written: 0x0D04F003
MAP_PAGE: v=0x2201B000 p=0x0D06A000 f=0x00000007
  PTE written: 0x0D06A007
MAP_PAGE: v=0x3FE00000 p=0x0D043000 f=0x00000003
  PTE written: 0x0D043003
MAP_PAGE: v=0x3FE01000 p=0x0D04F000 f=0x00000003
  PTE written: 0x0D04F003
MAP_PAGE: v=0x2201C000 p=0x0D06B000 f=0x00000007
  PTE written: 0x0D06B007
MAP_PAGE: v=0x3FE00000 p=0x0D043000 f=0x00000003
  PTE written: 0x0D043003
MAP_PAGE: v=0x3FE01000 p=0x0D04F000 f=0x00000003
  PTE written: 0x0D04F003
MAP_PAGE: v=0x2201D000 p=0x0D06C000 f=0x00000007
  PTE written: 0x0D06C007
MAP_PAGE: v=0x3FE00000 p=0x0D043000 f=0x00000003
  PTE written: 0x0D043003
MAP_PAGE: v=0x3FE01000 p=0x0D04F000 f=0x00000003
  PTE written: 0x0D04F003
MAP_PAGE: v=0x2201E000 p=0x0D06D000 f=0x00000007
  PTE written: 0x0D06D007
MAP_PAGE: v=0x3FE00000 p=0x0D043000 f=0x00000003
  PTE written: 0x0D043003
MAP_PAGE: v=0x3FE01000 p=0x0D04F000 f=0x00000003
  PTE written: 0x0D04F003
MAP_PAGE: v=0x2201F000 p=0x0D06E000 f=0x00000007
  PTE written: 0x0D06E007
MAP_PAGE: v=0x3FE00000 p=0x0D043000 f=0x00000003
  PTE written: 0x0D043003
MAP_PAGE: v=0x3FE01000 p=0x0D04F000 f=0x00000003
  PTE written: 0x0D04F003
MAP_PAGE: v=0x22020000 p=0x0D06F000 f=0x00000007
  PTE written: 0x0D06F007
MAP_PAGE: v=0x3FE00000 p=0x0D043000 f=0x00000003
  PTE written: 0x0D043003
MAP_PAGE: v=0x3FE01000 p=0x0D04F000 f=0x00000003
  PTE written: 0x0D04F003
MAP_PAGE: v=0x22021000 p=0x0D070000 f=0x00000007
  PTE written: 0x0D070007
MAP_PAGE: v=0x3FE00000 p=0x0D043000 f=0x00000003
  PTE written: 0x0D043003
MAP_PAGE: v=0x3FE01000 p=0x0D04F000 f=0x00000003
  PTE written: 0x0D04F003
MAP_PAGE: v=0x22022000 p=0x0D071000 f=0x00000007
  PTE written: 0x0D071007
MAP_PAGE: v=0x3FE00000 p=0x0D043000 f=0x00000003
  PTE written: 0x0D043003
MAP_PAGE: v=0x3FE01000 p=0x0D04F000 f=0x00000003
  PTE written: 0x0D04F003
MAP_PAGE: v=0x22023000 p=0x0D072000 f=0x00000007
  PTE written: 0x0D072007
MAP_PAGE: v=0x3FE00000 p=0x0D043000 f=0x00000003
  PTE written: 0x0D043003
MAP_PAGE: v=0x3FE01000 p=0x0D04F000 f=0x00000003
  PTE written: 0x0D04F003
MAP_PAGE: v=0x22024000 p=0x0D073000 f=0x00000007
  PTE written: 0x0D073007
MAP_PAGE: v=0x3FE00000 p=0x0D043000 f=0x00000003
  PTE written: 0x0D043003
MAP_PAGE: v=0x3FE01000 p=0x0D04F000 f=0x00000003
  PTE written: 0x0D04F003
MAP_PAGE: v=0x22025000 p=0x0D074000 f=0x00000007
  PTE written: 0x0D074007
MAP_PAGE: v=0x3FE00000 p=0x0D043000 f=0x00000003
  PTE written: 0x0D043003
MAP_PAGE: v=0x3FE01000 p=0x0D04F000 f=0x00000003
  PTE written: 0x0D04F003
MAP_PAGE: v=0x22026000 p=0x0D075000 f=0x00000007
  PTE written: 0x0D075007
MAP_PAGE: v=0x3FE00000 p=0x0D043000 f=0x00000003
  PTE written: 0x0D043003
MAP_PAGE: v=0x3FE01000 p=0x0D04F000 f=0x00000003
  PTE written: 0x0D04F003
MAP_PAGE: v=0x22027000 p=0x0D076000 f=0x00000007
  PTE written: 0x0D076007
MAP_PAGE: v=0x3FE00000 p=0x0D043000 f=0x00000003
  PTE written: 0x0D043003
MAP_PAGE: v=0x3FE01000 p=0x0D04F000 f=0x00000003
  PTE written: 0x0D04F003
MAP_PAGE: v=0x22028000 p=0x0D077000 f=0x00000007
  PTE written: 0x0D077007
MAP_PAGE: v=0x3FE00000 p=0x0D043000 f=0x00000003
  PTE written: 0x0D043003
MAP_PAGE: v=0x3FE01000 p=0x0D04F000 f=0x00000003
  PTE written: 0x0D04F003
MAP_PAGE: v=0x22029000 p=0x0D078000 f=0x00000007
  PTE written: 0x0D078007
MAP_PAGE: v=0x3FE00000 p=0x0D043000 f=0x00000003
  PTE written: 0x0D043003
MAP_PAGE: v=0x3FE01000 p=0x0D04F000 f=0x00000003
  PTE written: 0x0D04F003
MAP_PAGE: v=0x2202A000 p=0x0D079000 f=0x00000007
  PTE written: 0x0D079007
MAP_PAGE: v=0x3FE00000 p=0x0D043000 f=0x00000003
  PTE written: 0x0D043003
MAP_PAGE: v=0x3FE01000 p=0x0D04F000 f=0x00000003
  PTE written: 0x0D04F003
MAP_PAGE: v=0x2202B000 p=0x0D07A000 f=0x00000007
  PTE written: 0x0D07A007
MAP_PAGE: v=0x3FE00000 p=0x0D043000 f=0x00000003
  PTE written: 0x0D043003
MAP_PAGE: v=0x3FE01000 p=0x0D04F000 f=0x00000003
  PTE written: 0x0D04F003
MAP_PAGE: v=0x2202C000 p=0x0D07B000 f=0x00000007
  PTE written: 0x0D07B007
MAP_PAGE: v=0x3FE00000 p=0x0D043000 f=0x00000003
  PTE written: 0x0D043003
MAP_PAGE: v=0x3FE01000 p=0x0D04F000 f=0x00000003
  PTE written: 0x0D04F003
MAP_PAGE: v=0x2202D000 p=0x0D07C000 f=0x00000007
  PTE written: 0x0D07C007
MAP_PAGE: v=0x3FE00000 p=0x0D043000 f=0x00000003
  PTE written: 0x0D043003
MAP_PAGE: v=0x3FE01000 p=0x0D04F000 f=0x00000003
  PTE written: 0x0D04F003
MAP_PAGE: v=0x2202E000 p=0x0D07D000 f=0x00000007
  PTE written: 0x0D07D007
MAP_PAGE: v=0x3FE00000 p=0x0D043000 f=0x00000003
  PTE written: 0x0D043003
MAP_PAGE: v=0x3FE01000 p=0x0D04F000 f=0x00000003
  PTE written: 0x0D04F003
MAP_PAGE: v=0x2202F000 p=0x0D07E000 f=0x00000007
  PTE written: 0x0D07E007
MAP_PAGE: v=0x3FE00000 p=0x0D043000 f=0x00000003
  PTE written: 0x0D043003
MAP_PAGE: v=0x3FE01000 p=0x0D04F000 f=0x00000003
  PTE written: 0x0D04F003
MAP_PAGE: v=0x22030000 p=0x0D07F000 f=0x00000007
  PTE written: 0x0D07F007
MAP_PAGE: v=0x3FE00000 p=0x0D043000 f=0x00000003
  PTE written: 0x0D043003
MAP_PAGE: v=0x3FE01000 p=0x0D04F000 f=0x00000003
  PTE written: 0x0D04F003
MAP_PAGE: v=0x22031000 p=0x0D080000 f=0x00000007
  PTE written: 0x0D080007
MAP_PAGE: v=0x3FE00000 p=0x0D043000 f=0x00000003
  PTE written: 0x0D043003
MAP_PAGE: v=0x3FE01000 p=0x0D04F000 f=0x00000003
  PTE written: 0x0D04F003
MAP_PAGE: v=0x22032000 p=0x0D081000 f=0x00000007
  PTE written: 0x0D081007
MAP_PAGE: v=0x3FE00000 p=0x0D043000 f=0x00000003
  PTE written: 0x0D043003
MAP_PAGE: v=0x3FE01000 p=0x0D04F000 f=0x00000003
  PTE written: 0x0D04F003
MAP_PAGE: v=0x22033000 p=0x0D082000 f=0x00000007
  PTE written: 0x0D082007
MAP_PAGE: v=0x3FE00000 p=0x0D043000 f=0x00000003
  PTE written: 0x0D043003
MAP_PAGE: v=0x3FE01000 p=0x0D04F000 f=0x00000003
  PTE written: 0x0D04F003
MAP_PAGE: v=0x22034000 p=0x0D083000 f=0x00000007
  PTE written: 0x0D083007
MAP_PAGE: v=0x3FE00000 p=0x0D043000 f=0x00000003
  PTE written: 0x0D043003
MAP_PAGE: v=0x3FE01000 p=0x0D04F000 f=0x00000003
  PTE written: 0x0D04F003
MAP_PAGE: v=0x22035000 p=0x0D084000 f=0x00000007
  PTE written: 0x0D084007
MAP_PAGE: v=0x3FE00000 p=0x0D043000 f=0x00000003
  PTE written: 0x0D043003
MAP_PAGE: v=0x3FE01000 p=0x0D04F000 f=0x00000003
  PTE written: 0x0D04F003
MAP_PAGE: v=0x22036000 p=0x0D085000 f=0x00000007
  PTE written: 0x0D085007
MAP_PAGE: v=0x3FE00000 p=0x0D043000 f=0x00000003
  PTE written: 0x0D043003
MAP_PAGE: v=0x3FE01000 p=0x0D04F000 f=0x00000003
  PTE written: 0x0D04F003
MAP_PAGE: v=0x22037000 p=0x0D086000 f=0x00000007
  PTE written: 0x0D086007
MAP_PAGE: v=0x3FE00000 p=0x0D043000 f=0x00000003
  PTE written: 0x0D043003
MAP_PAGE: v=0x3FE01000 p=0x0D04F000 f=0x00000003
  PTE written: 0x0D04F003
MAP_PAGE: v=0x22038000 p=0x0D087000 f=0x00000007
  PTE written: 0x0D087007
MAP_PAGE: v=0x3FE00000 p=0x0D043000 f=0x00000003
  PTE written: 0x0D043003
MAP_PAGE: v=0x3FE01000 p=0x0D04F000 f=0x00000003
  PTE written: 0x0D04F003
MAP_PAGE: v=0x22039000 p=0x0D088000 f=0x00000007
  PTE written: 0x0D088007
MAP_PAGE: v=0x3FE00000 p=0x0D043000 f=0x00000003
  PTE written: 0x0D043003
MAP_PAGE: v=0x3FE01000 p=0x0D04F000 f=0x00000003
  PTE written: 0x0D04F003
MAP_PAGE: v=0x2203A000 p=0x0D089000 f=0x00000007
  PTE written: 0x0D089007
MAP_PAGE: v=0x3FE00000 p=0x0D043000 f=0x00000003
  PTE written: 0x0D043003
MAP_PAGE: v=0x3FE01000 p=0x0D04F000 f=0x00000003
  PTE written: 0x0D04F003
MAP_PAGE: v=0x2203B000 p=0x0D08A000 f=0x00000007
  PTE written: 0x0D08A007
MAP_PAGE: v=0x3FE00000 p=0x0D043000 f=0x00000003
  PTE written: 0x0D043003
MAP_PAGE: v=0x3FE01000 p=0x0D04F000 f=0x00000003
  PTE written: 0x0D04F003
MAP_PAGE: v=0x2203C000 p=0x0D08B000 f=0x00000007
  PTE written: 0x0D08B007
MAP_PAGE: v=0x3FE00000 p=0x0D043000 f=0x00000003
  PTE written: 0x0D043003
MAP_PAGE: v=0x3FE01000 p=0x0D04F000 f=0x00000003
  PTE written: 0x0D04F003
MAP_PAGE: v=0x2203D000 p=0x0D08C000 f=0x00000007
  PTE written: 0x0D08C007
MAP_PAGE: v=0x3FE00000 p=0x0D043000 f=0x00000003
  PTE written: 0x0D043003
MAP_PAGE: v=0x3FE01000 p=0x0D04F000 f=0x00000003
  PTE written: 0x0D04F003
MAP_PAGE: v=0x2203E000 p=0x0D08D000 f=0x00000007
  PTE written: 0x0D08D007
virtio-gpu: initializing...
virtio: found device 0x00001AF4:0x00001050 at 0:3.0
virtio: cap type=5 bar=0 off=0x00000000 len=0x00000000
virtio: cap type=2 bar=4 off=0x00003000 len=0x00001000
MAP_PAGE: v=0x30022000 p=0xFE003000 f=0x00000013
  PTE written: 0xFE003013
Mapped 4096 bytes at v=0x30022000 (phys=0xFE003000)
  Test read[0] = 02x
  Test write/read-back = 02x
notify OK at 0x30022000 mul=4
virtio: cap type=4 bar=4 off=0x00002000 len=0x00001000
virtio: cap type=3 bar=4 off=0x00001000 len=0x00001000
virtio: cap type=1 bar=4 off=0x00000000 len=0x00001000
MAP_PAGE: v=0x30033000 p=0xFE000000 f=0x00000013
  PTE written: 0xFE000013
Mapped 4096 bytes at v=0x30033000 (phys=0xFE000000)
  Test read[0] = 02x
  Test write/read-back = 02x
common_cfg mapped OK at 0x30033000 (expecting 0x00001000 bytes)
virtio: WARNING - no ISR cap
virtio: device features[0-31]=08x [32-63]=08x
virtio: accepted features[0-31]=08x  [32-63]=08x
virtio: device has 2 queues
virtio-gpu: VIRGL available
virtio: setting up queue 0, size=256
virtio: queue 0 ready (desc=0x0D08E000 avail=0x0D08F000 used=0x0D08F206 notify_off=0)
virtio: setting up queue 1, size=16
virtio: queue 1 ready (desc=0x0D090000 avail=0x0D090100 used=0x0D090126 notify_off=1)
virtio: device status = 0x0000000F (DRIVER_OK)
virtio-gpu: initialized successfully!
vi: xy=757,9 btn=0x00000000 tot=2575 used=2575 avail=2637
vi: xy=781,4 btn=0x00000000 tot=2938 used=2938 avail=3000
vi: xy=781,4 btn=0x00000000 tot=2938 used=2938 avail=3000
vi: xy=781,4 btn=0x00000000 tot=2938 used=2938 avail=3000
vi: xy=781,4 btn=0x00000000 tot=2938 used=2938 avail=3000
vi: xy=781,4 btn=0x00000000 tot=2938 used=2938 avail=3000
vi: xy=781,4 btn=0x00000000 tot=2938 used=2938 avail=3000
vi: xy=781,4 btn=0x00000000 tot=2938 used=2938 avail=3000
vi: xy=781,4 btn=0x00000000 tot=2938 used=2938 avail=3000
vi: xy=781,4 btn=0x00000000 tot=2938 used=2938 avail=3000
vi: xy=781,4 btn=0x00000000 tot=2938 used=2938 avail=3000
vi: xy=781,4 btn=0x00000000 tot=2938 used=2938 avail=3000
vi: xy=781,4 btn=0x00000000 tot=2938 used=2938 avail=3000
vi: xy=781,4 btn=0x00000000 tot=2938 used=2938 avail=3000
vi: xy=781,4 btn=0x00000000 tot=2938 used=2938 avail=3000
vi: xy=781,4 btn=0x00000000 tot=2938 used=2938 avail=3000
vi: xy=781,4 btn=0x00000000 tot=2938 used=2938 avail=3000
vi: xy=781,4 btn=0x00000000 tot=2938 used=2938 avail=3000
vi: xy=781,4 btn=0x00000000 tot=2938 used=2938 avail=3000
vi: xy=781,4 btn=0x00000000 tot=2938 used=2938 avail=3000
vi: xy=781,4 btn=0x00000000 tot=2938 used=2938 avail=3000
vi: xy=781,4 btn=0x00000000 tot=2938 used=2938 avail=3000
vi: xy=781,4 btn=0x00000000 tot=2938 used=2938 avail=3000
vi: xy=781,4 btn=0x00000000 tot=2938 used=2938 avail=3000
vi: xy=781,4 btn=0x00000000 tot=2938 used=2938 avail=3000
vi: xy=781,4 btn=0x00000000 tot=2938 used=2938 avail=3000
vi: xy=781,4 btn=0x00000000 tot=2938 used=2938 avail=3000
vi: xy=781,4 btn=0x00000000 tot=2938 used=2938 avail=3000
vi: xy=781,4 btn=0x00000000 tot=2938 used=2938 avail=3000
vi: xy=781,4 btn=0x00000000 tot=2938 used=2938 avail=3000
vi: xy=781,4 btn=0x00000000 tot=2938 used=2938 avail=3000
vi: xy=781,4 btn=0x00000000 tot=2938 used=2938 avail=3000
vi: xy=781,4 btn=0x00000000 tot=2938 used=2938 avail=3000
vi: xy=781,4 btn=0x00000000 tot=2938 used=2938 avail=3000
vi: xy=781,4 btn=0x00000000 tot=2938 used=2938 avail=3000
vi: xy=781,4 btn=0x00000000 tot=2938 used=2938 avail=3000
vi: xy=781,4 btn=0x00000000 tot=2938 used=2938 avail=3000
vi: xy=781,4 btn=0x00000000 tot=2938 used=2938 avail=3000
vi: xy=781,4 btn=0x00000000 tot=2938 used=2938 avail=3000
vi: xy=781,4 btn=0x00000000 tot=2938 used=2938 avail=3000
vi: xy=781,4 btn=0x00000000 tot=2938 used=2938 avail=3000
vi: xy=781,4 btn=0x00000000 tot=2938 used=2938 avail=3000
vi: xy=781,4 btn=0x00000000 tot=2938 used=2938 avail=3000
vi: xy=441,3 btn=0x00000000 tot=3154 used=3154 avail=3216
vi: xy=45,708 btn=0x00000000 tot=4907 used=4907 avail=4969
vi: xy=45,708 btn=0x00000000 tot=4907 used=4907 avail=4969
